school_name,Phase 1,Phase 2A-1,Phase 2A-2,Phase 2A-3,Phase 2A-4,Phase 2A-5,Phase 2A-6,Phase 2B-1,Phase 2B-2,Phase 2B-3,Phase 2B-4,Phase 2B-5,Phase 2B-6,Phase 2C-1,Phase 2C-2,Phase 2C-3,Phase 2C-4,Phase 2C-5,Phase 2C-6,Phase 2CS-1,Phase 2CS-2,Phase 2CS-3,Phase 2CS-4,Phase 2CS-5,Phase 2CS-6,Phase 3
ADMIRALTY PRIMARY SCHOOL,100,100,100,100,100,100,100,100,92,50,49,33,33,67,0,0,0,0,0,0,0,0,0,0,0,?
AHMAD IBRAHIM PRIMARY SCHOOL,100,100,100,100,100,100,100,100,100,100,100,100,100,100,100,100,100,100,100,100,100,100,100,100,100,?
AI TONG SCHOOL,100,100,100,59,17,17,17,39,0,0,0,0,0,54,0,0,0,0,0,0,0,0,0,0,0,?
ALEXANDRA PRIMARY SCHOOL,100,100,100,100,100,100,100,100,100,100,100,100,100,98,58,15,0,0,0,0,0,0,0,0,0,?
ANCHOR GREEN PRIMARY SCHOOL,100,100,100,100,100,100,100,100,100,100,100,100,100,100,100,100,100,100,100,100,100,100,100,100,100,?
ANDERSON PRIMARY SCHOOL,100,100,100,100,100,100,100,100,100,100,100,100,100,100,82,33,20,0,0,0,0,0,0,0,0,?
ANG MO KIO PRIMARY SCHOOL,100,100,100,100,100,100,100,100,100,100,100,100,100,100,100,100,100,100,100,100,100,100,100,100,100,?
ANGLO-CHINESE SCHOOL (JUNIOR),100,100,100,100,100,100,100,63,0,0,0,0,0,87,35,13,0,0,0,0,0,0,0,0,0,?
ANGLO-CHINESE SCHOOL (PRIMARY),100,100,100,100,100,100,100,77,0,0,0,0,0,91,33,24,0,0,0,0,0,0,0,0,0,?
ANGSANA PRIMARY SCHOOL,100,78,17,17,17,17,17,100,100,100,100,100,100,41,0,0,0,0,0,0,0,0,0,0,0,?
BEACON PRIMARY SCHOOL,100,100,100,100,100,100,100,100,100,100,100,100,100,100,100,100,100,100,100,100,100,100,100,100,100,?
BEDOK GREEN PRIMARY SCHOOL,100,100,100,100,100,100,100,100,100,100,100,100,100,100,100,100,100,100,100,100,100,100,100,100,100,?
BENDEMEER PRIMARY SCHOOL,100,100,100,100,100,100,100,100,100,100,100,100,100,100,100,100,100,100,100,100,100,100,100,100,100,?
BLANGAH RISE PRIMARY SCHOOL,100,100,100,100,100,100,100,100,100,100,100,100,100,100,100,100,100,100,100,100,100,100,100,100,100,?
BOON LAY GARDEN PRIMARY SCHOOL,100,100,100,100,100,100,100,100,100,100,100,100,100,100,100,100,100,100,100,100,100,100,100,100,100,?
BUKIT PANJANG PRIMARY SCHOOL,100,100,100,100,100,100,100,100,98,83,83,83,83,75,9,0,0,0,0,0,0,0,0,0,0,?
BUKIT TIMAH PRIMARY SCHOOL,100,100,100,100,100,100,100,100,100,100,100,100,100,100,100,100,100,100,100,100,80,33,33,33,33,?
BUKIT VIEW PRIMARY SCHOOL,100,100,100,100,100,100,100,100,100,100,100,100,100,100,100,100,100,100,100,99,99,78,49,49,49,?
CANBERRA PRIMARY SCHOOL,100,100,100,100,100,100,100,100,100,100,100,100,100,100,100,100,100,100,100,100,100,87,33,33,33,?
CANOSSA CATHOLIC PRIMARY SCHOOL,100,100,100,100,100,100,100,100,100,100,100,100,100,100,100,100,100,100,100,100,100,100,100,100,100,?
CANTONMENT PRIMARY SCHOOL,100,100,100,100,100,100,100,100,100,100,100,100,100,100,100,100,100,100,100,100,100,100,100,100,100,?
CASUARINA PRIMARY SCHOOL,100,100,100,100,100,100,100,100,100,100,100,100,100,100,100,92,25,0,0,0,0,0,0,0,0,?
CATHOLIC HIGH SCHOOL,100,100,100,100,100,100,100,100,100,100,100,100,100,100,100,100,100,100,100,100,100,100,100,100,100,?
CEDAR PRIMARY SCHOOL,100,100,100,99,67,67,67,74,0,0,0,0,0,80,13,0,0,0,0,0,0,0,0,0,0,?
CHANGKAT PRIMARY SCHOOL,100,100,100,48,0,0,0,61,0,0,0,0,0,67,0,0,0,0,0,0,0,0,0,0,0,?
CHIJ (KATONG) PRIMARY,100,100,100,100,100,100,100,100,100,100,100,100,100,97,33,0,0,0,0,0,0,0,0,0,0,?
CHIJ (KELLOCK),100,100,100,100,100,100,100,100,100,100,100,100,100,98,98,98,98,98,98,100,76,40,40,40,40,?
CHIJ OUR LADY OF GOOD COUNSEL,100,100,100,100,100,100,100,100,100,100,100,100,100,100,100,100,100,100,100,100,100,66,50,50,50,?
CHIJ OUR LADY OF THE NATIVITY,100,100,100,100,100,100,100,100,100,100,100,100,100,100,100,100,100,100,100,100,100,100,100,100,100,?
CHIJ OUR LADY QUEEN OF PEACE,100,100,100,100,100,100,100,100,100,100,100,100,100,100,100,100,100,100,100,100,97,83,83,83,83,?
CHIJ PRIMARY (TOA PAYOH),100,100,91,35,0,0,0,69,0,0,0,0,0,74,0,0,0,0,0,0,0,0,0,0,0,?
CHIJ ST. NICHOLAS GIRLS' SCHOOL,100,100,100,100,100,100,100,100,100,100,100,100,100,100,100,100,100,100,100,100,100,100,100,100,100,?
CHONGFU SCHOOL,100,100,100,79,50,50,50,53,0,0,0,0,0,39,0,0,0,0,0,0,0,0,0,0,0,?
CHONGZHENG PRIMARY SCHOOL,100,100,100,100,100,100,100,100,100,100,100,100,100,99,85,49,49,49,49,0,0,0,0,0,0,?
CHUA CHU KANG PRIMARY SCHOOL,100,100,100,100,100,100,100,100,100,100,100,100,100,63,0,0,0,0,0,0,0,0,0,0,0,?
CLEMENTI PRIMARY SCHOOL,100,100,100,100,100,100,100,100,100,100,100,100,100,100,100,100,100,100,100,100,100,100,100,100,100,?
COMPASSVALE PRIMARY SCHOOL,100,100,100,100,100,100,100,100,100,100,100,100,100,87,0,0,0,0,0,0,0,0,0,0,0,?
CONCORD PRIMARY SCHOOL,100,100,100,100,100,100,100,100,100,100,100,100,100,100,100,100,55,50,50,43,12,0,0,0,0,?
CORPORATION PRIMARY SCHOOL,100,100,100,100,100,100,100,100,100,100,100,100,100,100,100,100,100,100,100,100,100,100,100,100,100,?
DAZHONG PRIMARY SCHOOL,100,100,100,100,93,67,67,100,100,100,100,100,100,99,67,67,67,67,67,22,21,21,21,21,21,?
DE LA SALLE SCHOOL,100,100,100,100,100,100,100,100,100,100,100,100,100,100,100,100,100,100,100,80,80,74,47,47,47,?
EAST SPRING PRIMARY SCHOOL,100,100,100,100,100,100,100,100,100,100,100,100,100,100,100,100,100,100,100,100,100,100,100,100,100,?
EDGEFIELD PRIMARY SCHOOL,100,100,100,100,100,100,100,100,100,100,100,100,100,100,100,100,100,100,100,100,100,100,100,100,100,?
ELIAS PARK PRIMARY SCHOOL,100,100,87,67,67,67,67,100,100,100,100,100,100,69,0,0,0,0,0,0,0,0,0,0,0,?
ENDEAVOUR PRIMARY SCHOOL,100,100,100,100,100,100,100,100,100,100,100,100,100,100,100,100,100,100,100,100,100,100,100,100,100,?
EVERGREEN PRIMARY SCHOOL,100,100,100,100,100,100,100,100,100,100,100,100,100,100,100,100,100,100,100,100,87,67,67,67,67,?
FAIRFIELD METHODIST SCHOOL (PRIMARY),100,100,100,93,33,33,33,85,0,0,0,0,0,84,0,0,0,0,0,0,0,0,0,0,0,?
FARRER PARK PRIMARY SCHOOL,100,100,100,100,100,100,100,100,100,100,100,100,100,100,100,100,100,100,100,100,100,100,100,100,100,?
FENGSHAN PRIMARY SCHOOL,100,95,95,95,95,95,95,100,100,100,100,100,100,100,80,50,32,17,17,9,0,0,0,0,0,?
FERN GREEN PRIMARY SCHOOL,100,100,100,100,100,100,100,100,100,100,100,100,100,97,83,83,83,83,83,73,60,60,60,60,60,?
FERNVALE PRIMARY SCHOOL,100,100,100,100,100,100,100,100,100,100,100,100,100,100,100,100,100,100,100,98,83,67,50,50,50,?
FIRST TOA PAYOH PRIMARY SCHOOL,100,100,100,100,100,100,100,100,100,100,100,100,100,100,100,100,100,100,100,100,100,100,100,100,100,?
FRONTIER PRIMARY SCHOOL,100,96,17,17,15,0,0,94,94,94,94,94,94,75,13,0,0,0,0,0,0,0,0,0,0,?
FUCHUN PRIMARY SCHOOL,100,100,100,100,100,100,100,100,100,100,100,100,100,100,100,100,100,100,100,100,100,100,100,100,100,?
FUHUA PRIMARY SCHOOL,100,100,100,100,100,100,100,100,100,100,100,100,100,100,100,100,100,100,100,100,100,100,100,100,100,?
GAN ENG SENG PRIMARY SCHOOL,100,100,100,100,100,100,100,100,100,100,100,100,100,100,100,100,100,100,100,100,100,100,100,100,100,?
GEYLANG METHODIST SCHOOL (PRIMARY),100,100,100,100,100,100,100,100,100,100,100,100,100,100,100,100,100,100,100,40,40,37,0,0,0,?
GONGSHANG PRIMARY SCHOOL,100,59,0,0,0,0,0,100,100,100,100,100,100,46,0,0,0,0,0,0,0,0,0,0,0,?
GREENDALE PRIMARY SCHOOL,100,100,100,100,100,100,100,100,100,100,100,100,100,100,100,100,100,100,100,100,100,100,100,100,100,?
GREENRIDGE PRIMARY SCHOOL,100,100,100,100,100,100,100,100,100,100,100,100,100,100,100,100,100,100,100,100,100,100,100,100,100,?
GREENWOOD PRIMARY SCHOOL,100,100,100,100,100,100,100,100,100,100,100,100,100,100,100,100,100,100,100,86,86,86,86,86,86,?
HAIG GIRLS' SCHOOL,100,100,100,100,100,100,100,100,100,100,100,100,100,100,100,100,98,83,83,100,74,40,40,40,40,?
HENRY PARK PRIMARY SCHOOL,100,100,100,100,100,100,100,95,50,50,50,50,50,81,0,0,0,0,0,0,0,0,0,0,0,?
HOLY INNOCENTS' PRIMARY SCHOOL,100,100,100,84,50,50,50,54,0,0,0,0,0,45,0,0,0,0,0,0,0,0,0,0,0,?
HONG WEN SCHOOL,100,100,100,100,100,100,100,100,100,100,100,100,100,53,0,0,0,0,0,0,0,0,0,0,0,?
HORIZON PRIMARY SCHOOL,100,96,83,83,48,0,0,100,100,100,100,100,100,64,0,0,0,0,0,0,0,0,0,0,0,?
HOUGANG PRIMARY SCHOOL,100,100,100,100,100,100,100,100,100,100,100,100,100,80,43,43,43,43,43,0,0,0,0,0,0,?
HUAMIN PRIMARY SCHOOL,100,91,15,0,0,0,0,100,100,100,100,100,100,74,0,0,0,0,0,0,0,0,0,0,0,?
INNOVA PRIMARY SCHOOL,100,100,100,100,100,100,100,100,100,100,100,100,100,100,100,100,100,100,100,100,100,100,100,100,100,?
JIEMIN PRIMARY SCHOOL,100,100,100,100,100,100,100,100,100,100,100,100,100,100,100,100,100,100,100,100,100,100,100,100,100,?
JING SHAN PRIMARY SCHOOL,100,92,63,50,17,0,0,100,100,100,100,100,100,100,81,66,66,66,66,60,60,60,60,60,60,?
JUNYUAN PRIMARY SCHOOL,100,100,80,67,67,67,67,100,100,100,100,100,100,100,91,67,29,17,17,5,0,0,0,0,0,?
JURONG PRIMARY SCHOOL,100,100,100,100,100,100,100,100,100,100,100,100,100,100,100,100,100,100,100,100,95,83,83,83,83,?
JURONG WEST PRIMARY SCHOOL,100,100,100,67,49,33,33,100,100,100,100,100,100,100,100,100,61,33,33,28,0,0,0,0,0,?
KEMING PRIMARY SCHOOL,100,100,100,100,100,100,100,100,100,100,100,100,100,68,0,0,0,0,0,0,0,0,0,0,0,?
KHENG CHENG SCHOOL,100,100,100,100,100,100,100,100,100,100,100,100,100,100,100,100,100,79,50,36,30,30,30,30,30,?
KONG HWA SCHOOL,100,100,100,100,100,100,100,57,0,0,0,0,0,59,0,0,0,0,0,0,0,0,0,0,0,?
KUO CHUAN PRESBYTERIAN PRIMARY SCHOOL,100,100,100,94,67,67,67,92,64,62,47,47,47,75,15,0,0,0,0,0,0,0,0,0,0,?
LAKESIDE PRIMARY SCHOOL,100,100,100,100,100,100,100,100,100,100,100,100,100,100,100,100,100,100,100,89,29,0,0,0,0,?
LIANHUA PRIMARY SCHOOL,100,100,100,100,100,100,100,100,100,100,100,100,100,100,100,100,100,100,100,100,100,100,100,100,100,?
MAHA BODHI SCHOOL,100,100,100,100,100,100,100,100,58,45,33,33,33,75,18,0,0,0,0,0,0,0,0,0,0,?
MARIS STELLA HIGH SCHOOL,100,100,100,100,100,100,100,85,34,0,0,0,0,63,0,0,0,0,0,0,0,0,0,0,0,?
MARSILING PRIMARY SCHOOL,100,100,100,100,100,100,100,100,100,100,100,100,100,100,100,100,100,100,100,100,100,67,50,50,50,?
MARYMOUNT CONVENT SCHOOL,100,100,100,100,100,100,100,100,100,100,100,100,100,100,100,100,100,100,100,100,100,100,100,100,100,?
MAYFLOWER PRIMARY SCHOOL,100,100,100,100,100,100,100,100,100,100,100,100,100,100,100,100,100,100,100,100,100,100,100,100,100,?
MEE TOH SCHOOL,100,100,100,100,100,100,100,100,100,100,100,100,100,88,0,0,0,0,0,0,0,0,0,0,0,?
MERIDIAN PRIMARY SCHOOL,100,100,100,100,100,100,100,100,100,100,100,100,100,100,100,100,100,100,100,100,100,100,100,100,100,?
METHODIST GIRLS' SCHOOL (PRIMARY),100,100,100,100,100,100,100,62,0,0,0,0,0,86,33,5,0,0,0,0,0,0,0,0,0,?
MONTFORT JUNIOR SCHOOL,100,100,100,100,100,100,100,100,100,100,100,100,100,100,100,100,100,100,100,100,100,100,100,100,100,?
NAN CHIAU PRIMARY SCHOOL,100,100,100,100,100,100,100,41,0,0,0,0,0,34,0,0,0,0,0,0,0,0,0,0,0,?
NAN HUA PRIMARY SCHOOL,100,100,60,1,0,0,0,53,0,0,0,0,0,25,0,0,0,0,0,0,0,0,0,0,0,?
NANYANG PRIMARY SCHOOL,100,100,100,54,0,0,0,40,0,0,0,0,0,65,0,0,0,0,0,0,0,0,0,0,0,?
NAVAL BASE PRIMARY SCHOOL,100,91,50,25,0,0,0,100,100,100,100,100,100,94,63,50,20,0,0,0,0,0,0,0,0,?
NEW TOWN PRIMARY SCHOOL,100,100,100,100,100,100,100,100,100,100,100,100,100,100,100,100,100,100,100,100,100,100,100,100,100,?
NGEE ANN PRIMARY SCHOOL,100,100,100,100,100,100,100,100,100,100,100,100,100,100,100,100,66,50,50,40,40,31,0,0,0,?
NORTH SPRING PRIMARY SCHOOL,100,100,100,100,100,100,100,100,100,100,100,100,100,100,100,100,100,100,100,100,100,100,100,100,100,?
NORTH VIEW PRIMARY SCHOOL,100,98,76,65,65,65,65,100,100,100,100,100,100,64,0,0,0,0,0,0,0,0,0,0,0,?
NORTH VISTA PRIMARY SCHOOL,100,100,100,100,100,100,100,100,100,100,100,100,100,100,100,100,100,100,100,100,100,100,100,100,100,?
NORTHLAND PRIMARY SCHOOL,100,100,100,83,50,50,50,85,49,49,49,49,49,33,0,0,0,0,0,0,0,0,0,0,0,?
NORTHOAKS PRIMARY SCHOOL,100,100,100,100,100,100,100,100,100,100,100,100,100,100,100,100,100,100,100,100,100,100,100,100,100,?
NORTHSHORE PRIMARY SCHOOL,100,100,100,100,100,100,100,100,100,100,100,100,100,76,17,17,17,17,17,17,17,17,17,17,17,?
OASIS PRIMARY SCHOOL,100,100,100,100,100,100,100,100,100,100,100,100,100,99,99,99,83,66,66,60,51,0,0,0,0,?
OPERA ESTATE PRIMARY SCHOOL,100,100,100,100,100,100,100,100,100,100,100,100,100,100,100,100,100,100,100,100,96,50,50,50,50,?
PALM VIEW PRIMARY SCHOOL,100,100,100,100,100,100,100,100,100,100,100,100,100,100,100,100,100,100,100,100,97,83,83,83,83,?
PARK VIEW PRIMARY SCHOOL,100,100,100,100,100,100,100,100,100,100,100,100,100,100,100,100,100,100,100,99,99,99,99,99,99,?
PASIR RIS PRIMARY SCHOOL,100,95,95,78,61,61,61,98,98,98,98,98,98,79,0,0,0,0,0,0,0,0,0,0,0,?
PAYA LEBAR METHODIST GIRLS' SCHOOL (PRIMARY),100,100,100,100,100,100,100,100,100,98,50,50,50,99,23,0,0,0,0,0,0,0,0,0,0,?
PEI CHUN PUBLIC SCHOOL,100,100,100,92,50,50,50,77,0,0,0,0,0,63,0,0,0,0,0,0,0,0,0,0,0,?
PEI HWA PRESBYTERIAN PRIMARY SCHOOL,100,97,35,11,0,0,0,72,33,25,0,0,0,62,0,0,0,0,0,0,0,0,0,0,0,?
PEI TONG PRIMARY SCHOOL,100,100,100,100,100,100,100,100,100,100,100,100,100,100,100,100,100,100,100,100,100,100,100,100,100,?
PEIYING PRIMARY SCHOOL,100,100,100,100,100,100,100,100,100,100,100,100,100,100,100,100,100,100,100,89,71,39,39,39,39,?
PIONEER PRIMARY SCHOOL,100,100,100,100,100,100,100,100,100,100,100,100,100,100,100,100,100,100,100,100,100,100,100,100,100,?
POI CHING SCHOOL,100,100,100,100,100,100,100,100,99,83,83,83,83,46,0,0,0,0,0,0,0,0,0,0,0,?
PRINCESS ELIZABETH PRIMARY SCHOOL,100,47,0,0,0,0,0,95,50,28,17,17,17,19,0,0,0,0,0,0,0,0,0,0,0,?
PUNGGOL COVE PRIMARY SCHOOL,100,100,100,100,92,50,50,100,100,100,100,100,100,84,39,39,39,39,39,0,0,0,0,0,0,?
PUNGGOL GREEN PRIMARY SCHOOL,100,100,100,100,100,100,100,100,100,100,100,100,100,100,100,100,100,100,100,100,100,100,99,83,83,?
PUNGGOL PRIMARY SCHOOL,100,86,30,30,30,30,30,100,100,100,100,100,100,54,0,0,0,0,0,0,0,0,0,0,0,?
PUNGGOL VIEW PRIMARY SCHOOL,100,100,100,100,100,100,100,100,100,100,100,100,100,100,100,100,100,100,100,88,47,33,33,33,33,?
QIFA PRIMARY SCHOOL,100,100,100,100,100,100,100,100,100,100,100,100,100,100,83,58,17,16,0,0,0,0,0,0,0,?
QIHUA PRIMARY SCHOOL,100,100,100,100,100,100,100,100,100,100,100,100,100,100,100,100,100,100,100,100,100,100,100,100,100,?
QUEENSTOWN PRIMARY SCHOOL,100,100,100,100,100,100,100,100,100,100,100,100,100,100,100,100,81,33,33,28,28,28,28,28,28,?
RADIN MAS PRIMARY SCHOOL,100,100,100,100,100,100,100,100,100,100,100,100,100,86,12,0,0,0,0,0,0,0,0,0,0,?
RAFFLES GIRLS' PRIMARY SCHOOL,100,100,100,100,100,100,100,100,100,100,100,100,100,100,100,54,0,0,0,0,0,0,0,0,0,?
RED SWASTIKA SCHOOL,100,100,100,70,0,0,0,72,46,46,44,29,29,56,0,0,0,0,0,0,0,0,0,0,0,?
RIVER VALLEY PRIMARY SCHOOL,100,100,100,100,100,100,100,100,100,100,100,100,100,100,96,50,50,50,50,0,0,0,0,0,0,?
RIVERSIDE PRIMARY SCHOOL,100,86,53,53,51,36,36,100,100,100,100,100,100,78,0,0,0,0,0,0,0,0,0,0,0,?
RIVERVALE PRIMARY SCHOOL,100,100,100,100,100,100,100,100,100,100,100,100,100,85,0,0,0,0,0,0,0,0,0,0,0,?
ROSYTH SCHOOL,100,100,85,19,0,0,0,73,0,0,0,0,0,34,0,0,0,0,0,0,0,0,0,0,0,?
RULANG PRIMARY SCHOOL,100,100,87,40,0,0,0,67,0,0,0,0,0,42,0,0,0,0,0,0,0,0,0,0,0,?
SEMBAWANG PRIMARY SCHOOL,100,100,100,100,100,100,100,100,100,100,100,100,100,95,28,17,17,17,17,17,5,0,0,0,0,?
SENG KANG PRIMARY SCHOOL,100,100,100,100,100,100,100,100,100,100,100,100,100,100,100,100,100,100,100,100,100,100,100,100,100,?
SENGKANG GREEN PRIMARY SCHOOL,100,81,0,0,0,0,0,100,100,100,100,100,100,54,0,0,0,0,0,0,0,0,0,0,0,?
SHUQUN PRIMARY SCHOOL,100,88,17,17,17,17,17,100,100,100,100,100,100,67,0,0,0,0,0,0,0,0,0,0,0,?
SI LING PRIMARY SCHOOL,100,100,100,100,100,100,100,100,100,100,100,100,100,100,100,100,100,100,100,100,100,100,100,100,100,?
SINGAPORE CHINESE GIRLS' PRIMARY SCHOOL,100,100,100,71,17,17,17,78,17,17,17,17,17,72,0,0,0,0,0,0,0,0,0,0,0,?
SOUTH VIEW PRIMARY SCHOOL,100,72,47,8,0,0,0,82,32,32,32,32,32,31,0,0,0,0,0,0,0,0,0,0,0,?
SPRINGDALE PRIMARY SCHOOL,100,100,100,100,100,100,100,100,100,100,100,100,100,100,100,100,100,100,100,52,0,0,0,0,0,?
ST. ANDREW'S JUNIOR SCHOOL,100,100,100,100,100,100,100,100,100,100,100,100,100,98,17,15,0,0,0,0,0,0,0,0,0,?
ST. ANTHONY'S CANOSSIAN PRIMARY SCHOOL,100,100,100,100,100,100,100,97,97,97,97,97,97,99,28,0,0,0,0,0,0,0,0,0,0,?
ST. ANTHONY'S PRIMARY SCHOOL,100,100,100,100,100,100,100,100,100,100,100,100,100,100,100,100,100,100,100,100,100,100,100,100,100,?
ST. GABRIEL'S PRIMARY SCHOOL,100,100,100,100,100,100,100,100,100,100,100,100,100,100,100,100,100,100,100,100,65,17,0,0,0,?
ST. HILDA'S PRIMARY SCHOOL,100,100,100,67,50,50,50,72,0,0,0,0,0,36,0,0,0,0,0,0,0,0,0,0,0,?
ST. JOSEPH'S INSTITUTION JUNIOR,100,100,100,100,100,100,100,75,48,25,25,25,25,100,84,37,0,0,0,0,0,0,0,0,0,?
ST. MARGARET'S SCHOOL (PRIMARY),100,100,100,100,100,100,100,100,100,100,100,100,100,95,95,95,95,82,62,17,17,17,17,17,16,?
ST. STEPHEN'S SCHOOL,100,100,100,100,100,100,100,100,100,100,100,100,100,100,100,100,100,100,100,100,100,100,100,100,100,?
TAMPINES NORTH PRIMARY SCHOOL,100,100,100,100,100,100,100,100,100,100,100,100,100,100,100,100,100,74,67,53,8,0,0,0,0,?
TAMPINES PRIMARY SCHOOL,100,100,100,100,100,100,100,100,100,100,100,100,100,100,100,100,100,100,100,100,89,0,0,0,0,?
TANJONG KATONG PRIMARY SCHOOL,100,100,100,53,50,50,50,100,100,100,100,100,100,100,73,0,0,0,0,0,0,0,0,0,0,?
TAO NAN SCHOOL,100,100,100,66,33,33,33,40,0,0,0,0,0,64,0,0,0,0,0,0,0,0,0,0,0,?
TECK GHEE PRIMARY SCHOOL,100,100,100,100,100,100,100,100,100,100,100,100,100,100,100,100,100,100,100,94,65,65,65,65,65,?
TECK WHYE PRIMARY SCHOOL,100,100,100,100,100,100,100,100,100,100,100,100,100,100,100,100,100,100,100,100,100,100,100,100,100,?
TELOK KURAU PRIMARY SCHOOL,100,100,100,100,100,100,100,100,100,100,100,100,100,100,100,100,100,100,100,100,100,100,100,100,100,?
TEMASEK PRIMARY SCHOOL,100,80,34,16,0,0,0,100,100,100,100,100,100,74,7,0,0,0,0,0,0,0,0,0,0,?
UNITY PRIMARY SCHOOL,100,100,100,100,100,100,100,100,100,100,100,100,100,100,100,100,100,100,100,100,100,100,100,100,100,?
VALOUR PRIMARY SCHOOL,100,100,100,100,85,17,17,100,100,100,100,100,100,74,0,0,0,0,0,0,0,0,0,0,0,?
WATERWAY PRIMARY SCHOOL,100,80,50,50,50,50,50,100,100,100,100,100,100,83,50,50,48,17,17,17,17,17,17,17,17,?
WELLINGTON PRIMARY SCHOOL,100,100,90,33,33,33,33,98,98,98,98,98,98,51,0,0,0,0,0,0,0,0,0,0,0,?
WEST GROVE PRIMARY SCHOOL,100,100,100,100,100,100,100,100,100,100,100,100,100,100,100,100,100,100,100,100,100,100,100,100,100,?
WEST SPRING PRIMARY SCHOOL,100,96,96,96,96,96,96,100,100,100,100,100,100,96,65,50,50,50,50,60,60,60,60,60,60,?
WEST VIEW PRIMARY SCHOOL,100,100,100,100,100,100,100,100,100,100,100,100,100,100,100,100,100,100,100,100,100,100,100,100,100,?
WESTWOOD PRIMARY SCHOOL,100,100,86,50,50,50,50,100,100,100,100,100,100,80,0,0,0,0,0,0,0,0,0,0,0,?
WHITE SANDS PRIMARY SCHOOL,100,100,100,100,100,100,100,100,100,100,100,100,100,100,100,98,83,83,83,87,60,60,60,60,60,?
WOODGROVE PRIMARY SCHOOL,100,100,100,100,100,100,100,100,100,100,100,100,100,100,100,100,100,100,100,92,92,92,92,92,92,?
WOODLANDS PRIMARY SCHOOL,100,100,100,100,100,100,100,100,100,100,100,100,100,100,100,100,100,100,100,75,50,50,50,50,50,?
WOODLANDS RING PRIMARY SCHOOL,100,100,100,100,100,100,100,100,100,100,100,100,100,100,100,100,100,100,100,100,100,100,100,100,100,?
XINGHUA PRIMARY SCHOOL,100,100,100,100,100,100,100,100,100,100,100,100,100,100,100,100,100,100,100,100,100,100,100,100,100,?
XINGNAN PRIMARY SCHOOL,100,100,100,100,100,100,100,100,100,100,100,100,100,100,100,100,100,100,100,100,100,100,100,100,100,?
XINMIN PRIMARY SCHOOL,100,100,100,87,67,67,67,100,100,100,100,100,100,66,0,0,0,0,0,0,0,0,0,0,0,?
XISHAN PRIMARY SCHOOL,100,100,100,100,100,100,100,100,100,100,100,100,100,100,100,100,100,100,100,91,38,17,15,0,0,?
YANGZHENG PRIMARY SCHOOL,100,85,50,26,0,0,0,100,100,100,100,100,100,80,2,0,0,0,0,0,0,0,0,0,0,?
YEW TEE PRIMARY SCHOOL,100,100,100,100,100,100,100,100,100,100,100,100,100,100,100,100,100,100,100,100,100,100,100,100,100,?
YIO CHU KANG PRIMARY SCHOOL,100,100,100,100,100,100,100,100,100,100,100,100,100,100,100,100,100,100,100,100,100,100,89,67,67,?
YISHUN PRIMARY SCHOOL,100,100,100,100,100,100,100,100,100,100,100,100,100,100,100,100,100,100,100,97,94,63,63,63,63,?
YU NENG PRIMARY SCHOOL,100,100,100,52,50,50,50,100,100,100,100,100,100,89,0,0,0,0,0,0,0,0,0,0,0,?
YUHUA PRIMARY SCHOOL,100,100,100,100,100,100,100,100,100,100,100,100,100,100,100,100,100,100,100,100,100,100,100,100,100,?
YUMIN PRIMARY SCHOOL,100,100,100,100,100,100,100,100,100,100,100,100,100,100,100,100,100,100,100,100,100,100,100,100,100,?
ZHANGDE PRIMARY SCHOOL,100,100,100,100,100,100,100,100,100,100,100,100,100,100,100,100,100,73,67,57,42,0,0,0,0,?
ZHENGHUA PRIMARY SCHOOL,100,100,100,100,67,50,50,100,100,100,100,100,100,100,100,100,100,100,100,92,62,50,50,50,50,?
ZHONGHUA PRIMARY SCHOOL,100,100,100,100,100,100,100,100,100,100,100,100,100,100,100,100,100,100,100,100,100,100,100,100,100,?
