school_name,cca,niche_programmes,sports_achievement_2025,arts_distinction_2024,url_address,postal_code,nature_code,session_code,sap_ind,autonomous_ind,gifted_ind,ip_ind,mother_tongue,X,Y,lat,long,school_tier
ADMIRALTY PRIMARY SCHOOL,"WUSHU; TRACK AND FIELD; ROPE SKIPPING; MODULAR CCA (SPORTS); FOOTBALL; MALAY DANCE; INDIAN DANCE; GUITAR ENSEMBLE; CHOIR; CHINESE DANCE; GUZHENG ENSEMBLE; SCOUTS; GIRL GUIDES (BROWNIES); ART AND CRAFTS; INFOCOMM TECHNOLOGY (COMPUTING); PHOTOGRAPHY; ENGLISH LANGUAGE, DRAMA AND DEBATING; DESIGN AND INNOVATION",STEM - SUSTAINABILITY; COMMUNITY SERVICE & STUDENT LEADERSHIP,,CHINESE_DANCE; MALAY_DANCE; CHOIR; GUZHENG_ENSEMBLE,https://admiraltypri.moe.edu.sg/,738907,CO-ED SCHOOL,FULL DAY,N,N,N,N,CHINESEMALAYTAMIL,24296.6250855923,47144.7700594738,1.4426347903311,103.800040119743,
AHMAD IBRAHIM PRIMARY SCHOOL,ROPE SKIPPING; BASKETBALL; BADMINTON; FOOTBALL; MALAY DANCE; INDIAN DANCE; CHOIR; CHINESE DANCE; SCOUTS; ROBOTICS; PHOTOGRAPHY; ART AND CRAFTS; STUDENT LEADERSHIP (PREFECT),STEM - SUSTAINABILITY; COMMUNITY SERVICE & STUDENT LEADERSHIP,,CHINESE_DANCE; INDIAN_DANCE,http://www.ahmadibrahimpri.moe.edu.sg,768643,CO-ED SCHOOL,SINGLE SESSION,N,N,N,N,CHINESEMALAYTAMIL,27958.1371433474,46096.2627680488,1.43315271543517,103.832942401086,
AI TONG SCHOOL,MODULAR CCA (SPORTS); VOLLEYBALL; TRACK AND FIELD; TABLE TENNIS; WUSHU; BADMINTON; PERCUSSION ENSEMBLE; CHINESE DANCE; GUZHENG ENSEMBLE; ENGLISH DRAMA; CHOIR; SCOUTS; GIRL GUIDES (BROWNIES); ROBOTICS; INFOCOMM TECHNOLOGY (COMPUTING); ART AND CRAFTS; ENVIRONMENTAL SCIENCE,INNOVATION & ENTERPRISE; SPORTS & OUTDOOR EDUCATION,,CHOIR; GUZHENG_ENSEMBLE,http://www.aitong.moe.edu.sg,579646,CO-ED SCHOOL,SINGLE SESSION,Y,N,N,N,CHINESE,27966.8088298785,38071.9191181567,1.3605834338904,103.833020333986,1.0
ALEXANDRA PRIMARY SCHOOL,TRACK AND FIELD; SWIMMING; SOFTBALL; RUGBY; TABLE TENNIS; BASKETBALL; BADMINTON; MODERN DANCE; ENGLISH DRAMA; CHOIR; CHINESE DRUMS; GUITAR ENSEMBLE; SCOUTS; INFOCOMM TECHNOLOGY (COMPUTING); INTERNATIONAL CHESS; ENVIRONMENTAL SCIENCE; CHINESE CULTURE AND LANGUAGE; CHEERLEADING; ART AND CRAFTS,STEM - MATERIAL SCIENCE; COMMUNITY SERVICE & STUDENT LEADERSHIP,,CHOIR,http://alexandrapri.moe.edu.sg,159016,CO-ED SCHOOL,SINGLE SESSION,N,N,N,N,CHINESEMALAYTAMIL,27010.1854815315,30414.7169698272,1.29133439161334,103.824424680531,3.0
ANCHOR GREEN PRIMARY SCHOOL,WUSHU; NETBALL; FLOORBALL; BASKETBALL; MODERN DANCE; ENGLISH DRAMA; CHOIR; CHINESE DRUMS; GUZHENG ENSEMBLE; SCOUTS; ROBOTICS; INTERNATIONAL CHESS; INFOCOMM TECHNOLOGY (MEDIA PRODUCTION); ENVIRONMENTAL SCIENCE,INTERDISCIPLINARY; MUSIC & PERFORMING ARTS,{'F': ['FLOORBALL']},GUZHENG_ENSEMBLE,http://www.anchorgreenpri.moe.edu.sg,544969,CO-ED SCHOOL,SINGLE SESSION,N,N,N,N,CHINESEMALAYTAMIL,33992.4459471293,41365.6329499111,1.39036998654612,103.887165375933,
ANDERSON PRIMARY SCHOOL,VOLLEYBALL; BASKETBALL; BADMINTON; FOOTBALL; GUZHENG ENSEMBLE; INDIAN DANCE; MALAY DANCE; TAP DANCE; GUITAR ENSEMBLE; MODERN DANCE; ENGLISH DRAMA; CULTURAL DANCE; CHINESE DANCE; BRASS BAND; ANGKLUNG/KULINTANG ENSEMBLE; GIRLS' BRIGADE; BOYS' BRIGADE; LION AND DRAGON DANCE; ROBOTICS; ENVIRONMENTAL SCIENCE; ART AND CRAFTS,STEM  - MATERIAL SCIENCE; MUSIC & PERFORMING ARTS,,BRASS_BAND; PERCUSSION_ENSEMBLE; GUZHENG_ENSEMBLE,http://www.andersonpri.moe.edu.sg,569785,CO-ED SCHOOL,SINGLE SESSION,N,N,N,N,CHINESEMALAYTAMIL,28900.6627847943,40683.2561488524,1.38419941907925,103.841411716006,3.0
ANG MO KIO PRIMARY SCHOOL,TRACK AND FIELD; TABLE TENNIS; OUTDOOR ADVENTURE; FOOTBALL; BASKETBALL; BADMINTON; BRASS BAND; ENGLISH DRAMA; CHOIR; MODERN DANCE; SCOUTS; RED CROSS YOUTH; PROJECT CABIN; ROBOTICS; INFOCOMM TECHNOLOGY (COMPUTING); ART AND CRAFTS; STUDENT LEADERSHIP (PREFECT),LANGUAGES; COMMUNITY SERVICE & STUDENT LEADERSHIP,,INTERNATIONAL_DANCE,http://www.angmokiopri.moe.edu.sg,569920,CO-ED SCHOOL,SINGLE SESSION,N,N,N,N,CHINESEMALAYTAMIL,28702.4804675551,39038.1602696702,1.36932176584608,103.839630858752,3.0
ANGLO-CHINESE SCHOOL (JUNIOR),SAILING; MODULAR CCA (SPORTS); OUTDOOR ADVENTURE; ROCKWALL CLIMBING; ROCKWALL CLIMBING (CA020); RUGBY; WATER POLO; SOFTBALL; SQUASH; SWIMMING; TABLE TENNIS; TRACK AND FIELD; WUSHU; KARATE; TAEKWONDO; HOCKEY; TENNIS; ARCHERY; ARTISTIC GYMNASTICS; ARTISTIC SWIMMING; BADMINTON; BASKETBALL; BOWLING; CRICKET; FENCING; FOOTBALL; GOLF; HEALTH AND FITNESS; STRING ENSEMBLE; MODERN DANCE; SINGAPORE NATIONAL YOUTH ORCHESTRA; CHOIR; CONCERT BAND; SCOUTS; BOYS' BRIGADE; PHYSICAL SCIENCE; ART AND CRAFTS; INTERNATIONAL CHESS; FAITH-BASED CCA; CHINESE CULTURE AND LANGUAGE,INTERDISCIPLINARY; SPORTS & OUTDOOR EDUCATION,"{'M': ['RUGBY', 'SWIMMING', 'GOLF', 'TAEKWONDO', 'TENNIS (DOUBLES)', 'TENNIS (DOUBLES)']}",INTERNATIONAL_DANCE; CHOIR,www.acsj.moe.edu.sg,227988,BOYS' SCHOOL,SINGLE SESSION,N,N,N,N,CHINESEMALAYTAMIL,28849.3350947062,32406.8353125956,1.30935041274966,103.840950265464,1.0
ANGLO-CHINESE SCHOOL (PRIMARY),RUGBY; SAILING; SWIMMING; TOUCH RUGBY; TAEKWONDO; TENNIS; TRACK AND FIELD; WUSHU; TABLE TENNIS; GOLF; ARTISTIC GYMNASTICS; ARTISTIC SWIMMING; BADMINTON; BASKETBALL; FENCING; FLOORBALL; FOOTBALL; BOWLING; MODERN DANCE; CHOIR; SCOUTS; BOYS' BRIGADE; PHYSICAL SCIENCE; ROBOTICS; INTERNATIONAL CHESS; ART AND CRAFTS; INFOCOMM TECHNOLOGY (COMPUTING); AUDIO VISUAL AID; DEBATING AND PUBLIC SPEAKING,LANGUAGES; SPORTS & OUTDOOR EDUCATION,"{'M': ['BOWLING', 'RUGBY', 'TENNIS (DOUBLES)', 'SWIMMING']}",INTERNATIONAL_DANCE; CHOIR,http://www.acspri.moe.edu.sg/,309918,BOYS' SCHOOL,SINGLE SESSION,N,N,Y,N,CHINESEMALAYTAMIL,28254.9829477305,33404.2340238672,1.31837054523521,103.835609732354,
ANGSANA PRIMARY SCHOOL,WUSHU; NETBALL; FLOORBALL; BADMINTON; FOOTBALL; MODERN DANCE; ENGLISH DRAMA; CONCERT BAND; CHOIR; SCOUTS; RED CROSS YOUTH; INFOCOMM TECHNOLOGY (MEDIA PRODUCTION); PHYSICAL SCIENCE; ART AND CRAFTS; STUDENT LEADERSHIP (PREFECT),STEM - SUSTAINABILITY; COMMUNITY SERVICE & STUDENT LEADERSHIP,,,https://angsanapri.moe.edu.sg/,528565,CO-ED SCHOOL,SINGLE SESSION,N,N,N,N,CHINESEMALAYTAMIL,39754.5222957945,38406.3864220977,1.36360590588314,103.9389409004,
BEACON PRIMARY SCHOOL,WUSHU; TCHOUKBALL; FOOTBALL; BASKETBALL; NETBALL; UKULELE ENSEMBLE; PERCUSSION ENSEMBLE; CHOIR; MODERN DANCE; SCOUTS; ROBOTICS; ENVIRONMENTAL SCIENCE; DESIGN AND INNOVATION; ART AND CRAFTS; STUDENT LEADERSHIP (PREFECT),STEM - SUSTAINABILITY; COMMUNITY SERVICE & STUDENT LEADERSHIP,,CO_SECTIONAL_ENSEMBLE,https://beaconpri.moe.edu.sg/,679944,CO-ED SCHOOL,SINGLE SESSION,N,N,N,N,CHINESEMALAYTAMIL,21357.64699852,40655.688190354,1.38394936211823,103.773632022975,
BEDOK GREEN PRIMARY SCHOOL,RUGBY; FOOTBALL; BASKETBALL; BADMINTON; MALAY DANCE; GUZHENG ENSEMBLE; CHOIR; CHINESE DANCE; ANGKLUNG/KULINTANG ENSEMBLE; ENGLISH DRAMA; SCOUTS; GIRL GUIDES (BROWNIES); INFOCOMM TECHNOLOGY (MEDIA PRODUCTION); ART AND CRAFTS,INTERDISCIPLINARY; SPORTS & OUTDOOR EDUCATION,,MALAY_DANCE; GUZHENG_ENSEMBLE,http://www.bedokgreenpri.moe.edu.sg,469317,CO-ED SCHOOL,SINGLE SESSION,N,N,N,N,CHINESEMALAYTAMIL,39636.5324891713,33965.6893824711,1.32344593287992,103.937878976352,3.0
BENDEMEER PRIMARY SCHOOL,TRACK AND FIELD; MODULAR CCA (SPORTS); WUSHU; SEPAKTAKRAW; ROPE SKIPPING; FLOORBALL; MALAY DANCE; SINGAPORE NATIONAL YOUTH ORCHESTRA; CONCERT BAND; CHINESE DANCE; INDIAN DANCE; ENVIRONMENTAL SCIENCE; ART AND CRAFTS,STEM - SUSTAINABILITY; MUSIC & PERFORMING ARTS,"{'M': ['ROPE SKIPPING', 'SEPAKTAKRAW']}",CHINESE_DANCE; CONCERT_BAND,http://www.bendemeerpri.moe.edu.sg/,339948,CO-ED SCHOOL,SINGLE SESSION,N,N,N,N,CHINESEMALAYTAMIL,31570.8074810533,33784.8514976725,1.32181250780475,103.865404167629,
BLANGAH RISE PRIMARY SCHOOL,BASKETBALL; BADMINTON; FOOTBALL; MODERN DANCE; CHOIR; SCOUTS; RED CROSS YOUTH; PHYSICAL SCIENCE; INFOCOMM TECHNOLOGY (MEDIA PRODUCTION); ART AND CRAFTS,STEM - MATERIAL SCIENCE; COMMUNITY SERVICE & STUDENT LEADERSHIP,,,http://www.blangahrisepri.moe.edu.sg/,109100,CO-ED SCHOOL,SINGLE SESSION,N,N,N,N,CHINESEMALAYTAMIL,25252.1938973861,28732.4526119996,1.27612047924037,103.808628535239,
BOON LAY GARDEN PRIMARY SCHOOL,WUSHU; TRACK AND FIELD; TAEKWONDO; NETBALL; FLOORBALL; BOWLING; INDIAN DANCE; MALAY DANCE; CHOIR; CHINESE DANCE; SCOUTS; RED CROSS YOUTH; DESIGN AND INNOVATION; AUDIO VISUAL AID; ART AND CRAFTS; ENVIRONMENTAL SCIENCE,INTERDISCIPLINARY; COMMUNITY SERVICE & STUDENT LEADERSHIP,,CHINESE_DANCE; MALAY_DANCE; INDIAN_DANCE,www.boonlaygardenpri.moe.edu.sg,649930,CO-ED SCHOOL,SINGLE SESSION,N,N,N,N,CHINESEMALAYTAMIL,14594.0803428125,36110.2863859087,1.34284013791617,103.712858381937,
BUKIT PANJANG PRIMARY SCHOOL,HOCKEY; TABLE TENNIS; WUSHU; FOOTBALL; BADMINTON; BASKETBALL; FLOORBALL; MODERN DANCE; CHOIR; CHINESE DANCE; CHINESE DRUMS; BRASS BAND; RED CROSS YOUTH; SCOUTS; INFOCOMM TECHNOLOGY (COMPUTING); ROBOTICS; ENVIRONMENTAL SCIENCE; ART AND CRAFTS; CHINESE CALLIGRAPHY AND BRUSH PAINTING; STUDENT LEADERSHIP (PREFECT),LANGUAGES; MUSIC & PERFORMING ARTS,,CHINESE_DANCE,http://www.bukitpanjangpri.moe.edu.sg,679676,CO-ED SCHOOL,SINGLE SESSION,N,N,N,N,CHINESEMALAYTAMIL,20888.5750349946,39500.3618246447,1.37350089986584,103.769417337654,3.0
BUKIT TIMAH PRIMARY SCHOOL,RUGBY; NETBALL; WUSHU; BADMINTON; BASKETBALL; FOOTBALL; MODERN DANCE; SINGAPORE NATIONAL YOUTH ORCHESTRA; BRASS BAND; CHOIR; ENGLISH DRAMA; SCOUTS; BOYS' BRIGADE; INFOCOMM TECHNOLOGY (COMPUTING); ENVIRONMENTAL SCIENCE; ART AND CRAFTS; STUDENT LEADERSHIP (PREFECT); STUDENT LEADERSHIP (PEER SUPPORT); STUDENT LEADERSHIP (HOUSE),INTERDISCIPLINARY; MUSIC & PERFORMING ARTS,,INTERNATIONAL_DANCE; CHOIR; BRASS_BAND,http://www.bukittimahpri.moe.edu.sg,598112,CO-ED SCHOOL,SINGLE SESSION,N,N,N,N,CHINESEMALAYTAMIL,20603.3479896449,35547.1996132508,1.3377498622588,103.766855344779,
BUKIT VIEW PRIMARY SCHOOL,WUSHU; NETBALL; FOOTBALL; BASKETBALL; BADMINTON; MALAY DANCE; ENGLISH DRAMA; CHOIR; CHINESE DANCE; ANGKLUNG/KULINTANG ENSEMBLE; INDIAN DANCE; RED CROSS YOUTH; INFOCOMM TECHNOLOGY (COMPUTING); STRATEGY GAMES; INFOCOMM TECHNOLOGY (MEDIA PRODUCTION); COMMUNITY SERVICE; ART AND CRAFTS; STUDENT LEADERSHIP (PEER SUPPORT); STUDENT INITIATED ACTIVITIES (CLUBS & SOCIETIES); STUDENT LEADERSHIP (PREFECT),INTERDISCIPLINARY; MUSIC & PERFORMING ARTS,,CHINESE_DANCE; INDIAN_DANCE,http://www.bukitviewpri.moe.edu.sg,659634,CO-ED SCHOOL,SINGLE SESSION,N,N,N,N,CHINESEMALAYTAMIL,19135.5884738322,36444.0823157039,1.34586054788695,103.75366641455,
CANBERRA PRIMARY SCHOOL,"WUSHU; SWIMMING; TAEKWONDO; TRACK AND FIELD; FOOTBALL; FLOORBALL; BASKETBALL; BADMINTON; ARTISTIC GYMNASTICS; MODERN DANCE; CONCERT BAND; CHOIR; SCOUTS; GIRL GUIDES (BROWNIES); PHYSICAL SCIENCE; ROBOTICS; MEDIA RESOURCE LIBRARY; HOME ECONOMICS; ENGLISH LANGUAGE, DRAMA AND DEBATING; ART AND CRAFTS; STUDENT LEADERSHIP (PREFECT)",ICT & MEDIA; MUSIC & PERFORMING ARTS,,,http://www.canberrapri.moe.edu.sg,757714,CO-ED SCHOOL,SINGLE SESSION,N,N,N,N,CHINESEMALAYTAMIL,26057.0121687725,48097.4040875677,1.45125024371543,103.815858858929,3.0
CANOSSA CATHOLIC PRIMARY SCHOOL,TRACK AND FIELD; TAEKWONDO; MODULAR CCA (SPORTS); FLOORBALL; MODERN DANCE; PERCUSSION ENSEMBLE; GUITAR ENSEMBLE; HANDBELL ENSEMBLE; CHOIR; SCOUTS; GIRL GUIDES (BROWNIES); INFOCOMM TECHNOLOGY (MEDIA PRODUCTION); ART AND CRAFTS,STEM - SUSTAINABILITY; SPORTS & OUTDOOR EDUCATION,{'M': ['TAEKWONDO']},INTERNATIONAL_DANCE; PERCUSSION_ENSEMBLE,https://canossacatholicpri.moe.edu.sg/,387621,CO-ED SCHOOL,SINGLE SESSION,N,N,N,N,CHINESEMALAYTAMIL,33443.1189393327,34319.1509661097,1.32664424544839,103.882227964852,3.0
CANTONMENT PRIMARY SCHOOL,WUSHU; VOLLEYBALL; OUTDOOR ADVENTURE; HOCKEY; FOOTBALL; BASKETBALL; BADMINTON; SINGAPORE NATIONAL YOUTH CHINESE ORCHESTRA; MODERN DANCE; GUITAR ENSEMBLE; CHOIR; SCOUTS; PHYSICAL SCIENCE; ART AND CRAFTS; INFOCOMM TECHNOLOGY (MEDIA PRODUCTION); STUDENT LEADERSHIP (PREFECT); STUDENT LEADERSHIP (PEER SUPPORT),INTERDISCIPLINARY; MUSIC & PERFORMING ARTS/ VISUAL ARTS & DESIGN,,,http://www.cantonmentpri.moe.edu.sg,88256,CO-ED SCHOOL,SINGLE SESSION,N,N,N,N,CHINESEMALAYTAMIL,28739.4305021614,28660.7930697445,1.27547252623201,103.839962631748,
CASUARINA PRIMARY SCHOOL,RUGBY; WUSHU; FOOTBALL; BADMINTON; FLOORBALL; MODERN DANCE; MALAY DANCE; CHOIR; CONCERT BAND; CHINESE DANCE; GIRL GUIDES (BROWNIES); SCOUTS; INFOCOMM TECHNOLOGY (MEDIA PRODUCTION); ENVIRONMENTAL SCIENCE; ART AND CRAFTS,STEM - SUSTAINABILITY; VISUAL ARTS & DESIGN,,MALAY_DANCE,http://www.casuarinapri.moe.edu.sg/,518935,CO-ED SCHOOL,SINGLE SESSION,N,N,N,N,CHINESEMALAYTAMIL,41766.4977676729,39385.5958609674,1.37246063927999,103.957020286115,3.0
CATHOLIC HIGH SCHOOL,SOFTBALL; SWIMMING; TENNIS; TAEKWONDO; TRACK AND FIELD; TRAMPOLINE; VOLLEYBALL; WATER POLO; WUSHU; TABLE TENNIS; MODULAR CCA (SPORTS); BASKETBALL; ARTISTIC GYMNASTICS; FENCING; FLOORBALL; GOLF; JUDO; SINGAPORE NATIONAL YOUTH CHINESE ORCHESTRA; SINGAPORE NATIONAL YOUTH ORCHESTRA; CHINESE DRAMA; CHINESE ORCHESTRA; CHOIR; CONCERT BAND; MODERN DANCE; ENGLISH DRAMA; SCOUTS; ST JOHN BRIGADE; NATIONAL POLICE CADET CORPS; NATIONAL CADET CORPS (LAND); NATIONAL CADET CORPS (AIR); SINGAPORE YOUTH FLYING CLUB; ART AND CRAFTS; INFOCOMM TECHNOLOGY (COMPUTING),STEM - SUSTAINABILITY; SPORTS & OUTDOOR EDUCATION,"{'M': ['SOFTBALL', 'WUSHU', 'TABLE TENNIS', 'VOLLEYBALL']}",INTERNATIONAL_DANCE; CHOIR; CO_FULL_ENSEMBLE,http://www.catholichigh.moe.edu.sg,579767,BOYS' SCHOOL,SINGLE SESSION,Y,Y,Y,Y,CHINESE,29288.9696279876,37402.0303423572,1.35452517065756,103.844900804804,2.0
CEDAR PRIMARY SCHOOL,"SOFTBALL; OUTDOOR ADVENTURE; MODULAR CCA (SPORTS); TRACK AND FIELD; FOOTBALL; MODERN DANCE; BRASS BAND; GIRLS' BRIGADE; BOYS' BRIGADE; INFOCOMM TECHNOLOGY (MEDIA PRODUCTION); ROBOTICS; ENGLISH LANGUAGE, DRAMA AND DEBATING; DESIGN AND INNOVATION; COMMUNITY SERVICE; ART AND CRAFTS",INTERDISCIPLINARY; COMMUNITY SERVICE & STUDENT LEADERSHIP,,,Http://www.cedarpri.moe.edu.sg,349700,CO-ED SCHOOL,SINGLE SESSION,N,N,N,N,CHINESEMALAYTAMIL,32707.7091499828,35316.1469013225,1.33566084356265,103.87562006259,
CHANGKAT PRIMARY SCHOOL,WUSHU; TRACK AND FIELD; FLOORBALL; BASKETBALL; SINGAPORE NATIONAL YOUTH ORCHESTRA; MODERN DANCE; GUITAR ENSEMBLE; CHOIR; SCOUTS; INFOCOMM TECHNOLOGY (COMPUTING); ENVIRONMENTAL SCIENCE; ART AND CRAFTS; STUDENT LEADERSHIP (PREFECT),STEM - SUSTAINABILITY; SPORTS & OUTDOOR EDUCATION,,INTERNATIONAL_DANCE,http://www.changkatpri.moe.edu.sg/,529896,CO-ED SCHOOL,SINGLE SESSION,N,N,N,N,CHINESEMALAYTAMIL,41216.8906296864,35821.8419446945,1.34023163951633,103.952080114035,
CHIJ (KATONG) PRIMARY,TRACK AND FIELD; SAILING; NETBALL; MODULAR CCA (SPORTS); FOOTBALL; BOWLING; BADMINTON; ARTISTIC GYMNASTICS; MODERN DANCE; HANDBELL ENSEMBLE; CHOIR; GIRL GUIDES (BROWNIES); SPEECH AND DRAMA; PHYSICAL SCIENCE; INFOCOMM TECHNOLOGY (COMPUTING); ART AND CRAFTS,LANGUAGES; COMMUNITY SERVICE & STUDENT LEADERSHIP,{'F': ['BOWLING']},INTERNATIONAL_DANCE,http://chijkcp.moe.edu.sg/,424821,GIRLS' SCHOOL,SINGLE SESSION,N,N,N,N,CHINESEMALAYTAMIL,36656.9804726057,32090.1643723603,1.30648535277087,103.911105620496,3.0
CHIJ (KELLOCK),RHYTHMIC GYMNASTICS; NETBALL; MODULAR CCA (SPORTS); BADMINTON; ARTISTIC GYMNASTICS; HEALTH AND FITNESS; TAP DANCE; STRING ENSEMBLE; CHOIR; GIRL GUIDES (BROWNIES); STRATEGY GAMES; ROBOTICS; INFOCOMM TECHNOLOGY (MEDIA PRODUCTION); INFOCOMM TECHNOLOGY (COMPUTING); HOME ECONOMICS; ENVIRONMENTAL SCIENCE; CERAMICS; ART AND CRAFTS,INTERDISCIPLINARY; MUSIC & PERFORMING ARTS,"{'F': ['NETBALL', 'TRACK AND FIELD', 'GYMNASTICS (RHYTHMIC)']}",INTERNATIONAL_DANCE; CHOIR,http://www.chijkellock.moe.edu.sg/,99757,GIRLS' SCHOOL,SINGLE SESSION,N,N,N,N,CHINESEMALAYTAMIL,27425.6197932558,28611.0557805933,1.275022722964,103.828157564896,3.0
CHIJ OUR LADY OF GOOD COUNSEL,RHYTHMIC GYMNASTICS; NETBALL; BADMINTON; BOWLING; MODERN DANCE; CHOIR; ENGLISH DRAMA; GIRL GUIDES (BROWNIES); ROBOTICS; INFOCOMM TECHNOLOGY (MEDIA PRODUCTION); ART AND CRAFTS,LANGUAGES; COMMUNITY SERVICE & STUDENT LEADERSHIP,{'F': ['NETBALL']},CHOIR,http://www.chijourladyofgoodcounsel.moe.edu.sg,558979,GIRLS' SCHOOL,SINGLE SESSION,N,N,N,N,CHINESEMALAYTAMIL,31415.5340866428,37723.1973494291,1.35742952269615,103.864009397373,3.0
CHIJ OUR LADY OF THE NATIVITY,NETBALL; TABLE TENNIS; FLOORBALL; BOWLING; MODERN DANCE; BRASS BAND; CHOIR; GIRL GUIDES (BROWNIES); INFOCOMM TECHNOLOGY (MEDIA PRODUCTION); ART AND CRAFTS; STUDENT LEADERSHIP (PREFECT),LANGUAGES; SPORTS & OUTDOOR EDUCATION,{'F': ['FLOORBALL']},CHINESE_DANCE; MALAY_DANCE; INTERNATIONAL_DANCE; BRASS_BAND,http://www.chijourladyofthenativity.moe.edu.sg/,534793,GIRLS' SCHOOL,SINGLE SESSION,N,N,N,N,CHINESEMALAYTAMIL,35151.0338091562,39478.4768616967,1.37330297140128,103.897575728303,3.0
CHIJ OUR LADY QUEEN OF PEACE,SOFTBALL; RHYTHMIC GYMNASTICS; NETBALL; MODERN DANCE; GUITAR ENSEMBLE; ENGLISH DRAMA; CHOIR; CHINESE DANCE; GIRL GUIDES (BROWNIES); PUBLICATION; PHYSICAL SCIENCE; ART AND CRAFTS,STEM - SUSTAINABILITY; COMMUNITY SERVICE & STUDENT LEADERSHIP,"{'F': ['SOFTBALL', 'SAILING']}",CHINESE_DANCE; CHOIR,http://www.chijourladyqueenofpeace.moe.edu.sg/,679287,GIRLS' SCHOOL,SINGLE SESSION,N,N,N,N,CHINESEMALAYTAMIL,20665.4072236279,38737.7066427004,1.366603668561,103.767412204602,3.0
CHIJ PRIMARY (TOA PAYOH),NETBALL; WUSHU; RHYTHMIC GYMNASTICS; SWIMMING; TAEKWONDO; TRACK AND FIELD; TENNIS; HEALTH AND FITNESS; SQUASH; FENCING; ARTISTIC SWIMMING; BADMINTON; ARTISTIC GYMNASTICS; BOWLING; MODERN DANCE; STRING ENSEMBLE; HANDBELL ENSEMBLE; CHOIR; CULTURAL DANCE; ENGLISH DRAMA; GIRL GUIDES (BROWNIES); INTERNATIONAL CHESS; ART AND CRAFTS; DIGITAL MEDIA; ENVIRONMENTAL SCIENCE,STEM - SUSTAINABILITY; SPORTS & OUTDOOR EDUCATION,"{'F': ['GYMNASTICS (ARTISTIC)', 'TENNIS (INDIVIDUAL)', 'BOWLING', 'TENNIS (DOUBLES)', 'BADMINTON']}",INDIAN_DANCE; INTERNATIONAL_DANCE; CHOIR,http://www.chijpritoapayoh.moe.edu.sg,319765,GIRLS' SCHOOL,SINGLE SESSION,N,N,N,N,CHINESEMALAYTAMIL,28949.1537291808,34994.5345916729,1.33275264711587,103.841847263786,2.0
CHIJ ST. NICHOLAS GIRLS' SCHOOL,HOCKEY; NETBALL; RHYTHMIC GYMNASTICS; TABLE TENNIS; TRACK AND FIELD; TRAMPOLINE; BADMINTON; ARTISTIC GYMNASTICS; GUZHENG ENSEMBLE; SINGAPORE NATIONAL YOUTH ORCHESTRA; SP-CCA (ETHNIC DANCE); STRING ENSEMBLE; SINGAPORE NATIONAL YOUTH CHINESE ORCHESTRA; ENGLISH DRAMA; CHINESE DANCE; CHINESE ORCHESTRA; CHOIR; CONCERT BAND; CHINESE DRAMA; NATIONAL POLICE CADET CORPS; ST JOHN BRIGADE; GIRL GUIDES (BROWNIES); GIRL GUIDES; INFOCOMM TECHNOLOGY (COMPUTING); MEDIA RESOURCE LIBRARY; PUBLICATION; STRATEGY GAMES; ENVIRONMENTAL SCIENCE; ART AND CRAFTS; AUDIO VISUAL AID; CHINESE CULTURE AND LANGUAGE; COMMUNITY SERVICE; DEBATING AND PUBLIC SPEAKING; DESIGN AND INNOVATION,STEM - SUSTAINABILITY; COMMUNITY SERVICE & STUDENT LEADERSHIP,"{'F': ['GYMNASTICS (RHYTHMIC)', 'GYMNASTICS (ARTISTIC)', 'NETBALL']}",CHINESE_DANCE; CHOIR; GUZHENG_ENSEMBLE,http://www.chijstnicholasgirls.moe.edu.sg,569405,GIRLS' SCHOOL,SINGLE SESSION,Y,Y,N,Y,CHINESE,28104.0195931299,39497.6106162649,1.37347687878916,103.834253269436,1.0
CHONGFU SCHOOL,WUSHU; TRACK AND FIELD; FOOTBALL; TABLE TENNIS; HEALTH AND FITNESS; FLOORBALL; MALAY DANCE; MODERN DANCE; GUZHENG ENSEMBLE; CHINESE ORCHESTRA; CHINESE DRUMS; SCOUTS; GIRL GUIDES (BROWNIES); RED CROSS YOUTH; INFOCOMM TECHNOLOGY (COMPUTING); ENVIRONMENTAL SCIENCE; ART AND CRAFTS; CHINESE CULTURE AND LANGUAGE; ENGLISH CULTURE AND LANGUAGE,INNOVATION & ENTERPRISE; SPORTS & OUTDOOR EDUCATION,"{'F': ['TABLE TENNIS', 'WUSHU'], 'M': ['WUSHU', 'FLOORBALL']}",MALAY_DANCE; INTERNATIONAL_DANCE; GUZHENG_ENSEMBLE,http://www.chongfu.moe.edu.sg/,768959,CO-ED SCHOOL,SINGLE SESSION,N,N,N,N,CHINESEMALAYTAMIL,28666.6613053558,46675.9986570273,1.43839562897006,103.839309173817,2.0
CHONGZHENG PRIMARY SCHOOL,WUSHU; HOCKEY; RUGBY; MODULAR CCA (SPORTS); MODERN DANCE; MALAY DANCE; INDIAN DANCE; CHOIR; CHINESE DANCE; ANGKLUNG/KULINTANG ENSEMBLE; SCOUTS; GIRL GUIDES (BROWNIES); SPEECH AND DRAMA; DIGITAL MEDIA; DESIGN AND INNOVATION; ART AND CRAFTS; ENVIRONMENTAL SCIENCE,INNOVATION & ENTERPRISE; COMMUNITY SERVICE & STUDENT LEADERSHIP,{'F': ['HOCKEY']},CHOIR,http://www.chongzhengpri.moe.edu.sg,529392,CO-ED SCHOOL,SINGLE SESSION,N,N,N,N,CHINESEMALAYTAMIL,41131.9416870372,36969.5707135443,1.35061130568554,103.951317297552,3.0
CHUA CHU KANG PRIMARY SCHOOL,FOOTBALL; FLOORBALL; BASKETBALL; BADMINTON; PERCUSSION ENSEMBLE; MODERN DANCE; MALAY DANCE; CHOIR; CHINESE DANCE; ENGLISH DRAMA; SCOUTS; ROBOTICS; ENVIRONMENTAL SCIENCE; ART AND CRAFTS,STEM - SUSTAINABILITY; COMMUNITY SERVICE & STUDENT LEADERSHIP,"{'F': ['BASKETBALL'], 'M': ['TRACK AND FIELD']}",INDIAN_DANCE,http://www.chuachukangpri.moe.edu.sg,689905,CO-ED SCHOOL,SINGLE SESSION,N,N,N,N,CHINESEMALAYTAMIL,17818.7829598142,39971.2903354876,1.37775890093367,103.741832917421,
CLEMENTI PRIMARY SCHOOL,"ROPE SKIPPING; TAEKWONDO; FLOORBALL; BASKETBALL; BADMINTON; FOOTBALL; INDIAN DANCE; MALAY DANCE; MODERN DANCE; CHOIR; CHINESE DANCE; BRASS BAND; GIRL GUIDES (BROWNIES); ROBOTICS; NATIONAL EDUCATION; INTERNATIONAL CHESS; INFOCOMM TECHNOLOGY (MEDIA PRODUCTION); ENVIRONMENTAL SCIENCE; ENGLISH LANGUAGE, DRAMA AND DEBATING; ART AND CRAFTS; STUDENT LEADERSHIP (PREFECT); STUDENT LEADERSHIP (PEER SUPPORT)",INTERDISCIPLINARY; VISUAL ARTS & DESIGN,,MALAY_DANCE,http://www.clementipri.moe.edu.sg,129903,CO-ED SCHOOL,SINGLE SESSION,N,N,N,N,CHINESEMALAYTAMIL,20190.2983410172,33038.6364921555,1.31506321827875,103.763144493687,3.0
COMPASSVALE PRIMARY SCHOOL,"TRACK AND FIELD; WUSHU; NETBALL; FOOTBALL; BASKETBALL; MALAY DANCE; INDIAN DANCE; CHINESE DANCE; BRASS BAND; HARMONICA ENSEMBLE; RED CROSS YOUTH; PHYSICAL SCIENCE; ROBOTICS; ENGLISH LANGUAGE, DRAMA AND DEBATING; ART AND CRAFTS",STEM - GAME DESIGN AND MAKING; MUSIC & PERFORMING ARTS,,INDIAN_DANCE; PERCUSSION_ENSEMBLE,https://www.compassvalepri.moe.edu.sg,545091,CO-ED SCHOOL,SINGLE SESSION,N,N,N,N,CHINESEMALAYTAMIL,35177.2900137762,41816.2900234833,1.39444529636566,103.897812229905,3.0
CONCORD PRIMARY SCHOOL,VOLLEYBALL; SEPAKTAKRAW; FLOORBALL; BADMINTON; MODERN DANCE; INDIAN DANCE; BRASS BAND; CHOIR; ART AND CRAFTS,INTERDISCIPLINARY; SPORTS & OUTDOOR EDUCATION,{'M': ['SEPAKTAKRAW']},INDIAN_DANCE; CHOIR,http://www.concordpri.moe.edu.sg/,689814,CO-ED SCHOOL,SINGLE SESSION,N,N,N,N,CHINESEMALAYTAMIL,17231.3486815896,40248.4434567168,1.38026516111464,103.736554295636,
CORPORATION PRIMARY SCHOOL,NETBALL; VOLLEYBALL; FOOTBALL; BASKETBALL; MALAY DANCE; PERCUSSION ENSEMBLE; MODERN DANCE; CHOIR; CHINESE DANCE; RED CROSS YOUTH; GIRL GUIDES (BROWNIES); INFOCOMM TECHNOLOGY (MEDIA PRODUCTION); ENVIRONMENTAL SCIENCE; CHINESE CHESS; ART AND CRAFTS; STUDENT LEADERSHIP (PREFECT),INTERDISCIPLINARY; MUSIC & PERFORMING ARTS,{'M': ['BASKETBALL']},,http://www.corporationpri.moe.edu.sg,648347,CO-ED SCHOOL,SINGLE SESSION,N,N,N,N,CHINESEMALAYTAMIL,14006.5242964895,37066.276891252,1.35148548772662,103.707578404944,
DAZHONG PRIMARY SCHOOL,WUSHU; TRACK AND FIELD; NETBALL; FOOTBALL; BASKETBALL; BADMINTON; WESTERN ORCHESTRA; MODERN DANCE; CHOIR; SCOUTS; GIRL GUIDES (BROWNIES); ART AND CRAFTS; STUDENT LEADERSHIP (PREFECT),STEM - SUSTAINABILITY; MUSIC & PERFORMING ARTS,{'M': ['FOOTBAL']},INTERNATIONAL_DANCE; PERCUSSION_ENSEMBLE,http://www.dazhongpri.moe.edu.sg,659441,CO-ED SCHOOL,SINGLE SESSION,N,N,N,N,CHINESEMALAYTAMIL,18557.5702323942,37916.8722190689,1.3591797447277,103.74847210784,
DE LA SALLE SCHOOL,"WUSHU; RUGBY; NETBALL; HOCKEY; BASKETBALL; PERCUSSION ENSEMBLE; MODERN DANCE; CHOIR; SCOUTS; GIRL GUIDES (BROWNIES); ROBOTICS; PHOTOGRAPHY; ENVIRONMENTAL SCIENCE; ENGLISH LANGUAGE, DRAMA AND DEBATING; ART AND CRAFTS; INTERNATIONAL CHESS",INNOVATION & ENTERPRISE; COMMUNITY SERVICE & STUDENT LEADERSHIP,{'F': ['HOCKEY']},INTERNATIONAL_DANCE,http://www.delasalle.moe.edu.sg,689285,CO-ED SCHOOL,SINGLE SESSION,N,N,N,N,CHINESEMALAYTAMIL,17971.195454672,41845.4133931287,1.3947078296399,103.743201812831,3.0
EAST SPRING PRIMARY SCHOOL,MODULAR CCA (SPORTS); VOLLEYBALL; WUSHU; FOOTBALL; MODULAR CCA (VPA); MODERN DANCE; MALAY DANCE; INDIAN DANCE; GUZHENG ENSEMBLE; SCOUTS; PHYSICAL SCIENCE; ART AND CRAFTS; INFOCOMM TECHNOLOGY (MEDIA PRODUCTION),ICT & MEDIA; SPORTS & OUTDOOR EDUCATION,{'F': ['VOLLEYBALL']},MALAY_DANCE; INDIAN_DANCE,http://www.eastspringpri.moe.edu.sg,529258,CO-ED SCHOOL,SINGLE SESSION,N,N,N,N,CHINESEMALAYTAMIL,42284.8340225685,37198.8184850682,1.35268400746357,103.961676849165,3.0
EDGEFIELD PRIMARY SCHOOL,NETBALL; TRACK AND FIELD; ARTISTIC GYMNASTICS; BASKETBALL; MODERN DANCE; MALAY DANCE; CHOIR; SCOUTS; PHYSICAL SCIENCE; INFOCOMM TECHNOLOGY (COMPUTING); ART AND CRAFTS,STEM - SUSTAINABILITY; MUSIC & PERFORMING ARTS,,INTERNATIONAL_DANCE,http://www.edgefieldpri.moe.edu.sg,828869,CO-ED SCHOOL,SINGLE SESSION,N,N,N,N,CHINESEMALAYTAMIL,36294.0746121518,42440.6405269764,1.40009139510996,103.907847599114,3.0
ELIAS PARK PRIMARY SCHOOL,VOLLEYBALL; TRACK AND FIELD; TABLE TENNIS; BASKETBALL; MODERN DANCE; CHINESE ORCHESTRA; CHOIR; SCOUTS; PHYSICAL SCIENCE; ART AND CRAFTS; INFOCOMM TECHNOLOGY (COMPUTING),INTERDISCIPLINARY; MUSIC & PERFORMING ARTS,,CO_FULL_ENSEMBLE,http://www.eliasparkpri.moe.edu.sg,518866,CO-ED SCHOOL,SINGLE SESSION,N,N,N,N,CHINESEMALAYTAMIL,40460.9792755861,39672.6204007976,1.37505696315817,103.945289416873,
ENDEAVOUR PRIMARY SCHOOL,VOLLEYBALL; TABLE TENNIS; WUSHU; SAILING; RUGBY; BASKETBALL; FLOORBALL; BADMINTON; MALAY DANCE; GUZHENG ENSEMBLE; ENGLISH DRAMA; CHOIR; CHINESE DANCE; GUITAR ENSEMBLE; SCOUTS; GIRL GUIDES (BROWNIES); INFOCOMM TECHNOLOGY (COMPUTING); PHYSICAL SCIENCE; ART AND CRAFTS; STUDENT LEADERSHIP (PREFECT),INTERDISCIPLINARY; MUSIC & PERFORMING ARTS,,CHINESE_DANCE; MALAY_DANCE; CHOIR; GUZHENG_ENSEMBLE,https://endeavourpri.moe.edu.sg/,757521,CO-ED SCHOOL,SINGLE SESSION,N,N,N,N,CHINESEMALAYTAMIL,26203.4465249702,48388.3767226581,1.45388170417263,103.817174701639,
EVERGREEN PRIMARY SCHOOL,TAEKWONDO; NETBALL; BADMINTON; FOOTBALL; PERCUSSION ENSEMBLE; MALAY DANCE; INDIAN DANCE; CHOIR; CHINESE DANCE; SCOUTS; INFOCOMM TECHNOLOGY (MEDIA PRODUCTION); ENVIRONMENTAL SCIENCE; ART AND CRAFTS; STUDENT LEADERSHIP (PREFECT),STEM - SUSTAINABILITY; MUSIC & PERFORMING ARTS,,MALAY_DANCE; INDIAN_DANCE,http://www.evergreenpri.moe.edu.sg/,738908,CO-ED SCHOOL,SINGLE SESSION,N,N,N,N,CHINESEMALAYTAMIL,23685.1394134862,47312.1421118006,1.44414835451585,103.794545295922,
FAIRFIELD METHODIST SCHOOL (PRIMARY),VOLLEYBALL; MODULAR CCA (SPORTS); FOOTBALL; BADMINTON; BASKETBALL; HANDBELL ENSEMBLE; CHOIR; CONCERT BAND; CHINESE DANCE; GIRLS' BRIGADE; RED CROSS YOUTH; BOYS' BRIGADE; FAITH-BASED CCA; MODULAR CCA (C&S); DIGITAL MEDIA; ART AND CRAFTS,LANGUAGES; MUSIC & PERFORMING ARTS/ VISUAL ARTS & DESIGN,,CHINESE_DANCE; CONCERT_BAND; CHOIR,http://www.fmsp.moe.edu.sg/,139648,CO-ED SCHOOL,SINGLE SESSION,N,N,N,N,CHINESEMALAYTAMIL,22673.2819890725,31484.0275675338,1.30100441916733,103.785455606827,2.0
FARRER PARK PRIMARY SCHOOL,TENNIS; SWIMMING; FLOORBALL; FOOTBALL; BASKETBALL; BADMINTON; GUITAR ENSEMBLE; MODERN DANCE; ENGLISH DRAMA; CHINESE INSTRUMENTAL ENSEMBLE; SCOUTS; BOYS' BRIGADE; INFOCOMM TECHNOLOGY (COMPUTING); MATHEMATICS; PHYSICAL SCIENCE; ART AND CRAFTS; ENVIRONMENTAL SCIENCE,INTERDISCIPLINARY; COMMUNITY SERVICE & STUDENT LEADERSHIP,,INTERNATIONAL_DANCE; CO_SECTIONAL_ENSEMBLE,http://www.farrerparkpri.moe.edu.sg,217567,CO-ED SCHOOL,SINGLE SESSION,N,N,N,N,CHINESEMALAYTAMIL,29941.7768185176,32740.5849021059,1.31236867681371,103.850766402965,
FENGSHAN PRIMARY SCHOOL,WUSHU; NETBALL; HEALTH AND FITNESS; BASKETBALL; FOOTBALL; MALAY DANCE; INDIAN DANCE; CONCERT BAND; CHOIR; CHINESE DANCE; SCOUTS; RED CROSS YOUTH; GIRL GUIDES (BROWNIES); BOYS' BRIGADE; ENVIRONMENTAL SCIENCE; ART AND CRAFTS; STUDENT LEADERSHIP (PREFECT),INTERDISCIPLINARY; SPORTS & OUTDOOR EDUCATION,,,http://www.fengshanpri.moe.edu.sg,469680,CO-ED SCHOOL,SINGLE SESSION,N,N,N,N,CHINESEMALAYTAMIL,38949.9907227494,34668.9245775398,1.32980598760785,103.931710293058,
FERN GREEN PRIMARY SCHOOL,TCHOUKBALL; OUTDOOR ADVENTURE; FOOTBALL; BASKETBALL; FLOORBALL; HARMONICA ENSEMBLE; MODERN DANCE; GUITAR ENSEMBLE; CHOIR; ENGLISH DRAMA; SCOUTS; INFOCOMM TECHNOLOGY (MEDIA PRODUCTION); DEBATING AND PUBLIC SPEAKING; DESIGN AND INNOVATION; ART AND CRAFTS,STEM - SUSTAINABILITY; SPORTS & OUTDOOR EDUCATION,,INTERNATIONAL_DANCE,www.ferngreenpri.moe.edu.sg,797538,CO-ED SCHOOL,SINGLE SESSION,N,N,N,N,CHINESEMALAYTAMIL,33231.7764054528,42128.5479522273,1.39726966050479,103.880330305684,
FERNVALE PRIMARY SCHOOL,WUSHU; BASKETBALL; BADMINTON; FLOORBALL; PERCUSSION ENSEMBLE; INDIAN DANCE; GUZHENG ENSEMBLE; GUITAR ENSEMBLE; ANGKLUNG/KULINTANG ENSEMBLE; SCOUTS; ROBOTICS; INFOCOMM TECHNOLOGY (MEDIA PRODUCTION); ENVIRONMENTAL SCIENCE; ART AND CRAFTS,STEM - SUSTAINABILITY; COMMUNITY SERVICE & STUDENT LEADERSHIP,,INDIAN_DANCE; GUZHENG_ENSEMBLE,www.fernvalepri.moe.edu.sg,797701,CO-ED SCHOOL,SINGLE SESSION,N,N,N,N,CHINESEMALAYTAMIL,32576.8849010281,41358.1178030372,1.39030227963797,103.874445458032,
FIRST TOA PAYOH PRIMARY SCHOOL,BASKETBALL; FOOTBALL; MODULAR CCA (VPA); CHOIR; GIRLS' BRIGADE; GIRL GUIDES (BROWNIES); SCOUTS; BOYS' BRIGADE; PHOTOGRAPHY; ENVIRONMENTAL SCIENCE; ART AND CRAFTS; STUDENT LEADERSHIP (PREFECT); STUDENT LEADERSHIP (PEER SUPPORT),ICT & MEDIA; SPORTS & OUTDOOR EDUCATION,,,http://www.firsttoapayohpri.moe.edu.sg,319252,CO-ED SCHOOL,SINGLE SESSION,N,N,N,N,CHINESEMALAYTAMIL,30471.8817195026,35831.634454662,1.34032299499938,103.855529906182,
FRONTIER PRIMARY SCHOOL,SOFTBALL; RUGBY; ROCKWALL CLIMBING; BASKETBALL; BADMINTON; STRING ENSEMBLE; MODERN DANCE; CHOIR; CHINESE DANCE; SCOUTS; RED CROSS YOUTH; ENVIRONMENTAL SCIENCE; DESIGN AND INNOVATION; ART AND CRAFTS; STUDENT LEADERSHIP (PREFECT),INTERDISCIPLINARY; MUSIC & PERFORMING ARTS,,CHINESE_DANCE; CHOIR,http://www.frontierpri.moe.edu.sg,648200,CO-ED SCHOOL,SINGLE SESSION,N,N,N,N,CHINESEMALAYTAMIL,13129.8467444237,35399.679120725,1.33641298743234,103.69970173931,3.0
FUCHUN PRIMARY SCHOOL,HEALTH AND FITNESS; FOOTBALL; BASKETBALL; BADMINTON; MODERN DANCE; STRING ENSEMBLE; CHOIR; BRASS BAND; SCOUTS; JOURNALISM; INFOCOMM TECHNOLOGY (MEDIA PRODUCTION); ART AND CRAFTS; ENVIRONMENTAL SCIENCE,LANGUAGES; MUSIC & PERFORMING ARTS,,CHOIR,http://www.fuchunpri.moe.edu.sg,739063,CO-ED SCHOOL,SINGLE SESSION,N,N,N,N,CHINESEMALAYTAMIL,21865.3411816815,45800.7908879817,1.43047990810126,103.778192944298,
FUHUA PRIMARY SCHOOL,NETBALL; RUGBY; FLOORBALL; BASKETBALL; BADMINTON; FOOTBALL; MODERN DANCE; GUZHENG ENSEMBLE; CHOIR; CHINESE DANCE; BRASS BAND; SCOUTS; GIRLS' BRIGADE; BOYS' BRIGADE; INFOCOMM TECHNOLOGY (MEDIA PRODUCTION); SPEECH AND DRAMA; INFOCOMM TECHNOLOGY (COMPUTING); ENVIRONMENTAL SCIENCE; DESIGN AND INNOVATION; ART AND CRAFTS; STUDENT LEADERSHIP (HOUSE); STUDENT LEADERSHIP (PEER SUPPORT); STUDENT LEADERSHIP (PREFECT),STEM - TRANSPORTATION; COMMUNITY SERVICE & STUDENT LEADERSHIP,,CHOIR,http://www.fuhuapri.moe.edu.sg,609647,CO-ED SCHOOL,SINGLE SESSION,N,N,N,N,CHINESEMALAYTAMIL,17179.4264072292,35419.8652930856,1.33659726465816,103.736089481883,
GAN ENG SENG PRIMARY SCHOOL,MODULAR CCA (SPORTS); FOOTBALL; FLOORBALL; BASKETBALL; BADMINTON; MODERN DANCE; CHOIR; BRASS BAND; SCOUTS; GIRL GUIDES (BROWNIES); BOYS' BRIGADE; INFOCOMM TECHNOLOGY (MEDIA PRODUCTION); ART AND CRAFTS; ENVIRONMENTAL SCIENCE,INTERDISCIPLINARY; MUSIC & PERFORMING ARTS,,,http://www.ganengsengpri.moe.edu.sg,158901,CO-ED SCHOOL,SINGLE SESSION,N,N,N,N,CHINESEMALAYTAMIL,26022.2170935348,29780.10807156,1.28559516494962,103.815547410064,3.0
GEYLANG METHODIST SCHOOL (PRIMARY),TRACK AND FIELD; ROPE SKIPPING; NETBALL; FOOTBALL; BASKETBALL; BADMINTON; GUZHENG ENSEMBLE; MODERN DANCE; HANDBELL ENSEMBLE; CHOIR; ANGKLUNG/KULINTANG ENSEMBLE; GIRLS' BRIGADE; BOYS' BRIGADE; INFOCOMM TECHNOLOGY (MEDIA PRODUCTION); ENVIRONMENTAL SCIENCE; ENGLISH CULTURE AND LANGUAGE; ART AND CRAFTS,LANGUAGES; COMMUNITY SERVICE & STUDENT LEADERSHIP,,,www.geylangmethodistpri.moe.edu.sg,389706,CO-ED SCHOOL,SINGLE SESSION,N,N,N,N,CHINESEMALAYTAMIL,33599.0035654055,33379.2588208541,1.31814416827374,103.883628501601,3.0
GONGSHANG PRIMARY SCHOOL,WUSHU; TRACK AND FIELD; FLOORBALL; BASKETBALL; BADMINTON; MODERN DANCE; STRING ENSEMBLE; SCOUTS; SPEECH AND DRAMA; INTERNATIONAL CHESS; ENVIRONMENTAL SCIENCE; INFOCOMM TECHNOLOGY (COMPUTING); ART AND CRAFTS,LANGUAGES; SPORTS & OUTDOOR EDUCATION,,INTERNATIONAL_DANCE,http://www.gongshangpri.moe.edu.sg,529176,CO-ED SCHOOL,SINGLE SESSION,N,N,N,N,CHINESEMALAYTAMIL,40890.1319455709,37688.8239677399,1.35711606790292,103.949144797277,
GREENDALE PRIMARY SCHOOL,WUSHU; VOLLEYBALL; TABLE TENNIS; SOFTBALL; NETBALL; BADMINTON; MODERN DANCE; GUITAR ENSEMBLE; CHOIR; RED CROSS YOUTH; GIRLS' BRIGADE; BOYS' BRIGADE; INTERNATIONAL CHESS; ENVIRONMENTAL SCIENCE; ART AND CRAFTS; INFOCOMM TECHNOLOGY (COMPUTING); STUDENT LEADERSHIP (PREFECT),INTERDISCIPLINARY; SPORTS & OUTDOOR EDUCATION,{'M': ['SOFTBALL']},INTERNATIONAL_DANCE; CHOIR,http://www.greendalepri.moe.edu.sg,828848,CO-ED SCHOOL,SINGLE SESSION,N,N,N,N,CHINESEMALAYTAMIL,36793.4333255449,42041.5424514245,1.39648195114256,103.91233462071,
GREENRIDGE PRIMARY SCHOOL,NETBALL; WUSHU; ROCKWALL CLIMBING; HOCKEY; FOOTBALL; BASKETBALL; BADMINTON; GUZHENG ENSEMBLE; ENGLISH DRAMA; CULTURAL DANCE; BRASS BAND; SCOUTS; BOYS' BRIGADE; GIRLS' BRIGADE; INFOCOMM TECHNOLOGY (MEDIA PRODUCTION); MEDIA RESOURCE LIBRARY; ROBOTICS; ENVIRONMENTAL SCIENCE; ART AND CRAFTS; STUDENT LEADERSHIP (PREFECT),STEM - HEALTH SCIENCE; COMMUNITY SERVICE & STUDENT LEADERSHIP,,,http://www.greenridgepri.moe.edu.sg,677744,CO-ED SCHOOL,SINGLE SESSION,N,N,N,N,CHINESEMALAYTAMIL,20708.0073222192,40870.2050487585,1.3858892193692,103.767794469258,
GREENWOOD PRIMARY SCHOOL,"RUGBY; MODULAR CCA (SPORTS); BASKETBALL; BADMINTON; INDIAN DANCE; STRING ENSEMBLE; MALAY DANCE; CHOIR; CHINESE DANCE; ANGKLUNG/KULINTANG ENSEMBLE; SCOUTS; INFOCOMM TECHNOLOGY (MEDIA PRODUCTION); ENGLISH LANGUAGE, DRAMA AND DEBATING; ART AND CRAFTS; ENVIRONMENTAL SCIENCE",LANGUAGES; COMMUNITY SERVICE & STUDENT LEADERSHIP,,CHOIR,http://www.greenwoodpri.moe.edu.sg,737942,CO-ED SCHOOL,SINGLE SESSION,N,N,N,N,CHINESEMALAYTAMIL,24818.0410170276,46842.3174743224,1.43989958331782,103.804725587384,
HAIG GIRLS' SCHOOL,"WUSHU; NETBALL; FOOTBALL; BOWLING; BADMINTON; HANDBELL ENSEMBLE; MODERN DANCE; INDIAN DANCE; CHOIR; CHINESE DANCE; GAMELAN ENSEMBLE; RED CROSS YOUTH; GIRL GUIDES (BROWNIES); PHYSICAL SCIENCE; ENGLISH LANGUAGE, DRAMA AND DEBATING; ART AND CRAFTS",INTERDISCIPLINARY; MUSIC & PERFORMING ARTS,"{'F': ['FOOTBAL', 'SAILING', 'BOWLING', 'TRACK AND FIELD']}",CHINESE_DANCE; GAMELAN_ENSEMBLE,http://www.haiggirls.moe.edu.sg,427072,GIRLS' SCHOOL,SINGLE SESSION,N,N,N,N,CHINESEMALAYTAMIL,35744.037941209,32693.6655622385,1.31194344271383,103.902902557195,3.0
HENRY PARK PRIMARY SCHOOL,MODULAR CCA (SPORTS); NETBALL; TENNIS; TABLE TENNIS; TRACK AND FIELD; ARTISTIC GYMNASTICS; BADMINTON; BASKETBALL; FLOORBALL; FOOTBALL; MODERN DANCE; STRING ENSEMBLE; CHOIR; CHINESE DANCE; CHINESE ORCHESTRA; SCOUTS; GIRL GUIDES (BROWNIES); GIRLS' BRIGADE; PHYSICAL SCIENCE; MATHEMATICS; INTERNATIONAL CHESS; ART AND CRAFTS; ENGLISH CULTURE AND LANGUAGE,STEM - SUSTAINABILITY; SPORTS & OUTDOOR EDUCATION,"{'F': ['TENNIS (DOUBLES)'], 'M': ['BADMINTON', 'SAILING', 'TENNIS (DOUBLES)', 'SAILING']}",CHINESE_DANCE,http://www.henryparkpri.moe.edu.sg,278790,CO-ED SCHOOL,SINGLE SESSION,N,N,Y,N,CHINESEMALAYTAMIL,22544.2873791968,33216.9645254761,1.31667646178347,103.784296227747,1.0
HOLY INNOCENTS' PRIMARY SCHOOL,WUSHU; ROPE SKIPPING; OUTDOOR ADVENTURE; BADMINTON; BASKETBALL; FOOTBALL; GUZHENG ENSEMBLE; CHOIR; CHINESE DANCE; CHINESE ORCHESTRA; RED CROSS YOUTH; GIRL GUIDES (BROWNIES); ROBOTICS; MEDIA RESOURCE LIBRARY; INFOCOMM TECHNOLOGY (MEDIA PRODUCTION); PHYSICAL SCIENCE; ART AND CRAFTS; CHINESE WEIQI; CHINESE CULTURE AND LANGUAGE,STEM - SUSTAINABILITY; VISUAL ARTS & DESIGN,,GUZHENG_ENSEMBLE,http://www.holyinnocentspri.moe.edu.sg/,536451,CO-ED SCHOOL,SINGLE SESSION,Y,N,N,N,CHINESE,34765.9036816582,38774.6943912152,1.36693830877349,103.894114899795,2.0
HONG WEN SCHOOL,TABLE TENNIS; ROPE SKIPPING; FOOTBALL; WUSHU; BASKETBALL; BADMINTON; CHOIR; GUZHENG ENSEMBLE; CHINESE ORCHESTRA; CHINESE DRUMS; CHINESE DANCE; INFOCOMM TECHNOLOGY (MEDIA PRODUCTION); INFOCOMM TECHNOLOGY (COMPUTING); CHINESE CHESS; CHINESE CALLIGRAPHY AND BRUSH PAINTING; ART AND CRAFTS; CHINESE WEIQI,INTERDISCIPLINARY; SPORTS & OUTDOOR EDUCATION,{'M': ['ROPE SKIPPING']},CHINESE_DANCE; GUZHENG_ENSEMBLE,http://www.hongwen.moe.edu.sg,327829,CO-ED SCHOOL,SINGLE SESSION,Y,N,N,N,CHINESE,30705.4493981982,33779.0355954058,1.32175999964553,103.857628468881,2.0
HORIZON PRIMARY SCHOOL,WUSHU; SWIMMING; ROPE SKIPPING; FOOTBALL; BOWLING; BASKETBALL; BADMINTON; MODERN DANCE; GUITAR ENSEMBLE; SCOUTS; SPEECH AND DRAMA; ROBOTICS; INTERNATIONAL CHESS; DESIGN AND INNOVATION; ART AND CRAFTS; INFOCOMM TECHNOLOGY (COMPUTING); STUDENT LEADERSHIP (PREFECT),STEM - SUSTAINABILITY; COMMUNITY SERVICE & STUDENT LEADERSHIP,{'F': ['ROPE SKIPPING']},,http://www.horizonpri.moe.edu.sg,828819,CO-ED SCHOOL,SINGLE SESSION,N,N,N,N,CHINESEMALAYTAMIL,36912.5247354358,42380.7999361996,1.399550034492,103.913404855665,
HOUGANG PRIMARY SCHOOL,VOLLEYBALL; ROCKWALL CLIMBING; WUSHU; HEALTH AND FITNESS; FOOTBALL; HOCKEY; MALAY DANCE; INDIAN DANCE; BALLET; BRASS BAND; CHINESE DANCE; ANGKLUNG/KULINTANG ENSEMBLE; GUZHENG ENSEMBLE; ENGLISH DRAMA; SCOUTS; MATHEMATICS; MEDIA RESOURCE LIBRARY; PHOTOGRAPHY; INFOCOMM TECHNOLOGY (COMPUTING); PHYSICAL SCIENCE; ART AND CRAFTS; ENVIRONMENTAL SCIENCE,STEM - SUSTAINABILITY; SPORTS & OUTDOOR EDUCATION,,INDIAN_DANCE; GUZHENG_ENSEMBLE,http://www.hougangpri.moe.edu.sg/,534238,CO-ED SCHOOL,SINGLE SESSION,N,N,N,N,CHINESEMALAYTAMIL,33284.6782123018,39929.5216681417,1.37738245231461,103.880805274557,
HUAMIN PRIMARY SCHOOL,HOCKEY; FLOORBALL; BADMINTON; BASKETBALL; BOWLING; GUITAR ENSEMBLE; MODERN DANCE; ENGLISH DRAMA; ANGKLUNG/KULINTANG ENSEMBLE; CHINESE DANCE; CHOIR; SCOUTS; STRATEGY GAMES; ROBOTICS; MEDIA RESOURCE LIBRARY; INFOCOMM TECHNOLOGY (COMPUTING); ENVIRONMENTAL SCIENCE; ART AND CRAFTS; CERAMICS; STUDENT LEADERSHIP (HOUSE),INTERDISCIPLINARY; VISUAL ARTS & DESIGN,,INTERNATIONAL_DANCE,http://www.huaminpri.moe.edu.sg,768857,CO-ED SCHOOL,SINGLE SESSION,N,N,N,N,CHINESEMALAYTAMIL,29215.4177919272,45412.9266837817,1.42697284512936,103.844240226564,
INNOVA PRIMARY SCHOOL,"WUSHU; VOLLEYBALL; TRACK AND FIELD; TABLE TENNIS; MALAY DANCE; CHOIR; CHINESE DANCE; HARMONICA ENSEMBLE; RED CROSS YOUTH; GIRL GUIDES (BROWNIES); ENVIRONMENTAL SCIENCE; ENGLISH LANGUAGE, DRAMA AND DEBATING; ART AND CRAFTS",INTERDISCIPLINARY; COMMUNITY SERVICE & STUDENT LEADERSHIP,{'M': ['VOLLEYBALL']},MALAY_DANCE,http://www.innovapri.moe.edu.sg/,737888,CO-ED SCHOOL,SINGLE SESSION,N,N,N,N,CHINESEMALAYTAMIL,23246.8971469188,45633.4723797198,1.42896700684852,103.790607539185,
JIEMIN PRIMARY SCHOOL,TAEKWONDO; MODULAR CCA (SPORTS); FLOORBALL; BASKETBALL; MODERN DANCE; MODULAR CCA (VPA); MALAY DANCE; GUZHENG ENSEMBLE; CHINESE DANCE; ANGKLUNG/KULINTANG ENSEMBLE; RED CROSS YOUTH; ROBOTICS; ART AND CRAFTS; JOURNALISM,LANGUAGES; MUSIC & PERFORMING ARTS,,,http://www.jieminpri.moe.edu.sg,768515,CO-ED SCHOOL,SINGLE SESSION,N,N,N,N,CHINESEMALAYTAMIL,27678.0421859771,45492.0549418237,1.42768847665227,103.830425490093,
JING SHAN PRIMARY SCHOOL,ROPE SKIPPING; FOOTBALL; BASKETBALL; BADMINTON; MODERN DANCE; CULTURAL DANCE; CHOIR; GIRL GUIDES (BROWNIES); ROBOTICS; INFOCOMM TECHNOLOGY (MEDIA PRODUCTION); ENVIRONMENTAL SCIENCE; ART AND CRAFTS,STEM - SUSTAINABILITY; COMMUNITY SERVICE & STUDENT LEADERSHIP,,INTERNATIONAL_DANCE,http://www.jingshanpri.moe.edu.sg,569228,CO-ED SCHOOL,SINGLE SESSION,N,N,N,N,CHINESEMALAYTAMIL,30052.6981126349,39330.3826092724,1.37196445720109,103.851763531681,
JUNYUAN PRIMARY SCHOOL,VOLLEYBALL; TCHOUKBALL; TAEKWONDO; FLOORBALL; POP AND JAZZ; MALAY DANCE; CHINESE DANCE; MODERN DANCE; SCOUTS; SPEECH AND DRAMA; ENVIRONMENTAL SCIENCE; MATHEMATICS; INFOCOMM TECHNOLOGY (MEDIA PRODUCTION); ART AND CRAFTS; STUDENT LEADERSHIP (PREFECT),LANGUAGES; MUSIC & PERFORMING ARTS/ VISUAL ARTS & DESIGN,,MALAY_DANCE,https://junyuanpri.moe.edu.sg,528906,CO-ED SCHOOL,SINGLE SESSION,N,N,N,N,CHINESEMALAYTAMIL,39785.8491141181,36666.4713015798,1.34787074766746,103.939221709073,
JURONG PRIMARY SCHOOL,NETBALL; TRACK AND FIELD; BADMINTON; FOOTBALL; BASKETBALL; PERCUSSION ENSEMBLE; MODERN DANCE; CHOIR; GUZHENG ENSEMBLE; SCOUTS; ROBOTICS; DIGITAL MEDIA; ART AND CRAFTS,INNOVATION & ENTERPRISE; COMMUNITY SERVICE & STUDENT LEADERSHIP,,INTERNATIONAL_DANCE; GUZHENG_ENSEMBLE,http://www.jurongpri.moe.edu.sg,609476,CO-ED SCHOOL,SINGLE SESSION,N,N,N,N,CHINESEMALAYTAMIL,16853.0771883978,36729.2343872562,1.34843859698946,103.733156566858,
JURONG WEST PRIMARY SCHOOL,NETBALL; FOOTBALL; HOCKEY; BASKETBALL; BADMINTON; MODERN DANCE; CHOIR; CHINESE DANCE; BRASS BAND; SCOUTS; PHYSICAL SCIENCE; DIGITAL MEDIA; STUDENT LEADERSHIP (PREFECT),LANGUAGES; SPORTS & OUTDOOR EDUCATION,,INTERNATIONAL_DANCE,http://www.jurongwestpri.moe.edu.sg,648368,CO-ED SCHOOL,SINGLE SESSION,N,N,N,N,CHINESEMALAYTAMIL,13029.9245329089,35705.1165225543,1.33917519796104,103.698803732244,
KEMING PRIMARY SCHOOL,FOOTBALL; WUSHU; FLOORBALL; BADMINTON; MODERN DANCE; CHOIR; CHINESE ORCHESTRA; CHINESE DANCE; SCOUTS; GIRLS' BRIGADE; BOYS' BRIGADE; INTERNATIONAL CHESS; INFOCOMM TECHNOLOGY (MEDIA PRODUCTION); DESIGN AND INNOVATION; ART AND CRAFTS; ENVIRONMENTAL SCIENCE,STEM - SUSTAINABILITY; SPORTS & OUTDOOR EDUCATION,{'F': ['FOOTBAL']},CHINESE_DANCE,http://juyingsec.moe.edu.sg,659762,CO-ED SCHOOL,SINGLE SESSION,N,N,N,N,CHINESEMALAYTAMIL,19445.3031655131,36407.3561431039,1.34552849960874,103.756449399351,
KHENG CHENG SCHOOL,TRACK AND FIELD; MODULAR CCA (SPORTS); BASKETBALL; MODERN DANCE; CHINESE ORCHESTRA; CHOIR; SCOUTS; RED CROSS YOUTH; GIRLS' BRIGADE; INTERNATIONAL CHESS; ENVIRONMENTAL SCIENCE; ART AND CRAFTS; INFOCOMM TECHNOLOGY (MEDIA PRODUCTION),STEM - SUSTAINABILITY; COMMUNITY SERVICE & STUDENT LEADERSHIP,{'M': ['BASKETBALL']},INTERNATIONAL_DANCE,http://www.khengcheng.moe.edu.sg/,319580,CO-ED SCHOOL,SINGLE SESSION,N,N,N,N,CHINESEMALAYTAMIL,29539.1234353296,35501.5835219584,1.3373381935639,103.847148501824,3.0
KONG HWA SCHOOL,NETBALL; TABLE TENNIS; WUSHU; TCHOUKBALL; BASKETBALL; BADMINTON; GUZHENG ENSEMBLE; SINGAPORE NATIONAL YOUTH CHINESE ORCHESTRA; CHINESE ORCHESTRA; CHINESE DANCE; CHOIR; SCOUTS; GIRL GUIDES (BROWNIES); INTERNATIONAL CHESS; INFOCOMM TECHNOLOGY (COMPUTING); CHINESE WEIQI; CHINESE CHESS; CHINESE CALLIGRAPHY AND BRUSH PAINTING; ART AND CRAFTS,LANGUAGES; SPORTS & OUTDOOR EDUCATION,"{'F': ['TABLE TENNIS'], 'M': ['TABLE TENNIS', 'TENNIS (INDIVIDUAL)']}",CHINESE_DANCE; CO_FULL_ENSEMBLE,http://www.konghwa.moe.edu.sg,399772,CO-ED SCHOOL,SINGLE SESSION,Y,N,N,N,CHINESE,34124.7036575247,32588.943696009,1.31099674009193,103.888352029067,2.0
KUO CHUAN PRESBYTERIAN PRIMARY SCHOOL,ROPE SKIPPING; WUSHU; TABLE TENNIS; TAEKWONDO; TRACK AND FIELD; SWIMMING; FOOTBALL; BOWLING; BASKETBALL; BADMINTON; ARTISTIC GYMNASTICS; GUITAR ENSEMBLE; CONCERT BAND; CHOIR; CHINESE DANCE; ENGLISH DRAMA; GIRLS' BRIGADE; BOYS' BRIGADE; STRATEGY GAMES; DIGITAL MEDIA; ART AND CRAFTS; STUDENT LEADERSHIP (COUNCIL); STUDENT LEADERSHIP (HOUSE),LANGUAGES; VISUAL ARTS & DESIGN,{'F': ['ROPE SKIPPING']},CHINESE_DANCE,http://www.kuochuanpresbyterianpri.moe.edu.sg,579793,CO-ED SCHOOL,SINGLE SESSION,N,N,N,N,CHINESEMALAYTAMIL,30414.9291181238,36835.1167885177,1.34939813669536,103.855018233311,2.0
LAKESIDE PRIMARY SCHOOL,WUSHU; VOLLEYBALL; NETBALL; FOOTBALL; MODERN DANCE; CONCERT BAND; CHOIR; GUZHENG ENSEMBLE; SCOUTS; SPEECH AND DRAMA; INFOCOMM TECHNOLOGY (MEDIA PRODUCTION); ENVIRONMENTAL SCIENCE; COMMUNITY SERVICE; ART AND CRAFTS,INTERDISCIPLINARY; MUSIC & PERFORMING ARTS,,CHOIR; GUZHENG_ENSEMBLE,http://www.lakesidepri.moe.edu.sg/,618310,CO-ED SCHOOL,SINGLE SESSION,N,N,N,N,CHINESEMALAYTAMIL,15176.2291954523,35597.6143301465,1.33820397704287,103.718089546664,3.0
LIANHUA PRIMARY SCHOOL,VOLLEYBALL; HEALTH AND FITNESS; FOOTBALL; BASKETBALL; MODERN DANCE; PERCUSSION ENSEMBLE; MALAY DANCE; INDIAN DANCE; HANDBELL ENSEMBLE; GAMELAN ENSEMBLE; CHINESE DANCE; SCOUTS; ROBOTICS; PHYSICAL SCIENCE; ART AND CRAFTS; DIGITAL MEDIA; STUDENT LEADERSHIP (PREFECT),STEM - SUSTAINABILITY; SPORTS & OUTDOOR EDUCATION,{'M': ['BASKETBALL']},MALAY_DANCE; PERCUSSION_ENSEMBLE; GAMELAN_ENSEMBLE,http://www.lianhuapri.moe.edu.sg/,659243,CO-ED SCHOOL,SINGLE SESSION,N,N,N,N,CHINESEMALAYTAMIL,19191.1979939695,37370.8497486636,1.35424191127295,103.754165828711,
MAHA BODHI SCHOOL,TCHOUKBALL; WUSHU; BADMINTON; BASKETBALL; GUZHENG ENSEMBLE; ENGLISH DRAMA; CHOIR; CONCERT BAND; CHINESE DANCE; CHINESE ORCHESTRA; SCOUTS; MEDIA RESOURCE LIBRARY; HOME ECONOMICS; ENTREPRENEURSHIP; PHYSICAL SCIENCE; ROBOTICS; DEBATING AND PUBLIC SPEAKING; ART AND CRAFTS; CHINESE CALLIGRAPHY AND BRUSH PAINTING; AUDIO VISUAL AID; CHINESE CULTURE AND LANGUAGE; CHINESE CHESS,LANGUAGES; MUSIC & PERFORMING ARTS,,CHINESE_DANCE; CONCERT_BAND; GUZHENG_ENSEMBLE,http://www.mahabodhi.moe.edu.sg/,408931,CO-ED SCHOOL,SINGLE SESSION,Y,N,N,N,CHINESE,35566.4064952666,34533.273462953,1.32858023873554,103.901306904157,2.0
MARIS STELLA HIGH SCHOOL,"ROCKWALL CLIMBING; SOFTBALL; SP-CCA (ATHLETICS); SP-CCA (CANOEING); TABLE TENNIS; TAEKWONDO; TRACK AND FIELD; SP-CCA (WATER POLO); WUSHU; ARCHERY; BADMINTON; BASKETBALL; BOWLING; OUTDOOR ADVENTURE; SINGAPORE NATIONAL YOUTH CHINESE ORCHESTRA; SINGAPORE NATIONAL YOUTH ORCHESTRA; STRING ENSEMBLE; CHINESE ORCHESTRA; CONCERT BAND; CONCERT BAND; SCOUTS; ST JOHN BRIGADE; NATIONAL POLICE CADET CORPS; NATIONAL CADET CORPS (SEA); SINGAPORE YOUTH FLYING CLUB; SPEECH AND DRAMA; ROBOTICS; PHYSICAL SCIENCE; ART AND CRAFTS; CHINESE CHESS; CHINESE LANGUAGE, DRAMA AND DEBATING; ENGLISH CULTURE AND LANGUAGE; ENVIRONMENTAL SCIENCE; INFOCOMM TECHNOLOGY (MEDIA PRODUCTION); INTERNATIONAL CHESS; MATHEMATICS; STUDENT LEADERSHIP (PREFECT)",STEM - MATERIAL SCIENCE; SPORTS & OUTDOOR EDUCATION,"{'M': ['SOFTBALL', 'TAEKWONDO', 'BOWLING', 'GOLF']}",,http://www.marisstellahigh.moe.edu.sg,368051,BOYS' SCHOOL,SINGLE SESSION,Y,Y,N,N,CHINESE,32943.7038064171,35949.852451615,1.34139181236127,103.877740713449,2.0
MARSILING PRIMARY SCHOOL,RUGBY; TCHOUKBALL; TAEKWONDO; TRACK AND FIELD; BADMINTON; PERCUSSION ENSEMBLE; MALAY DANCE; CHOIR; CHINESE DANCE; SCOUTS; GIRL GUIDES (BROWNIES); SPEECH AND DRAMA; ENVIRONMENTAL SCIENCE; ART AND CRAFTS; INFOCOMM TECHNOLOGY (MEDIA PRODUCTION),LANGUAGES; COMMUNITY SERVICE & STUDENT LEADERSHIP,,,http://www.marsilingpri.moe.edu.sg,738927,CO-ED SCHOOL,SINGLE SESSION,N,N,N,N,CHINESEMALAYTAMIL,21359.011448958,46172.2397052329,1.43383904037059,103.773643013846,
MARYMOUNT CONVENT SCHOOL,TENNIS; ROPE SKIPPING; RHYTHMIC GYMNASTICS; NETBALL; BADMINTON; ARTISTIC GYMNASTICS; MODERN DANCE; GUITAR ENSEMBLE; CHOIR; GIRL GUIDES (BROWNIES); PHYSICAL SCIENCE; DEBATING AND PUBLIC SPEAKING; ART AND CRAFTS; DESIGN AND INNOVATION,LANGUAGES; SPORTS & OUTDOOR EDUCATION,"{'F': ['GOLF', 'GYMNASTICS (RHYTHMIC)']}",CHINESE_DANCE; CHOIR,HTTP://WWW.MARYMOUNTCONVENT.MOE.EDU.SG,297754,GIRLS' SCHOOL,SINGLE SESSION,N,N,N,N,CHINESEMALAYTAMIL,28722.6185440896,35844.3858416472,1.34043840661368,103.839811736775,3.0
MAYFLOWER PRIMARY SCHOOL,VOLLEYBALL; TRACK AND FIELD; TAEKWONDO; NETBALL; STRING ENSEMBLE; MALAY DANCE; INDIAN DANCE; ENGLISH DRAMA; CHOIR; CHINESE DANCE; GUZHENG ENSEMBLE; SCOUTS; GIRLS' BRIGADE; BOYS' BRIGADE; INFOCOMM TECHNOLOGY (MEDIA PRODUCTION); ENVIRONMENTAL SCIENCE; ART AND CRAFTS; STUDENT LEADERSHIP (PREFECT),STEM - SUSTAINABILITY; VISUAL ARTS & DESIGN,{'F': ['TAEKWONDO']},CHINESE_DANCE; GUZHENG_ENSEMBLE,http://www.mayflowerpri.moe.edu.sg,569878,CO-ED SCHOOL,SINGLE SESSION,N,N,N,N,CHINESEMALAYTAMIL,29105.5559377754,39818.2753564138,1.37637683547682,103.843252803742,
MEE TOH SCHOOL,MODULAR CCA (SPORTS); WUSHU; FLOORBALL; BASKETBALL; BADMINTON; MODULAR CCA (VPA); MODERN DANCE; MALAY DANCE; CHINESE ORCHESTRA; CHOIR; ENGLISH DRAMA; CHINESE DANCE; SCOUTS; PHYSICAL SCIENCE; ROBOTICS; SPEECH AND DRAMA; MEDIA RESOURCE LIBRARY; INFOCOMM TECHNOLOGY (MEDIA PRODUCTION); ART AND CRAFTS; CHINESE CALLIGRAPHY AND BRUSH PAINTING; ENVIRONMENTAL SCIENCE; STUDENT LEADERSHIP (PEER SUPPORT); STUDENT INITIATED ACTIVITIES (CLUBS & SOCIETIES); STUDENT INITIATED ACTIVITIES (PHYSICAL SPORTS AND OUTDOORS); STUDENT LEADERSHIP (HOUSE); STUDENT LEADERSHIP (PREFECT),INTERDISCIPLINARY; SPORTS & OUTDOOR EDUCATION,"{'F': ['GOLF'], 'M': ['WUSHU']}",CHINESE_DANCE; INTERNATIONAL_DANCE; CO_FULL_ENSEMBLE,http://www.mayflowersec.moe.edu.sg,828867,CO-ED SCHOOL,SINGLE SESSION,N,N,N,N,CHINESEMALAYTAMIL,36374.7735061357,41861.4694083072,1.39485356081865,103.90857257736,2.0
MERIDIAN PRIMARY SCHOOL,MODULAR CCA (SPORTS); TAEKWONDO; FLOORBALL; FOOTBALL; GUZHENG ENSEMBLE; MALAY DANCE; CHOIR; CHINESE DANCE; SCOUTS; INFOCOMM TECHNOLOGY (COMPUTING); INFOCOMM TECHNOLOGY (MEDIA PRODUCTION); ENVIRONMENTAL SCIENCE; ART AND CRAFTS; STUDENT LEADERSHIP (HOUSE),INTERDISCIPLINARY; COMMUNITY SERVICE & STUDENT LEADERSHIP,,,http://www.meridianpri.moe.edu.sg/,518798,CO-ED SCHOOL,SINGLE SESSION,N,N,N,N,CHINESEMALAYTAMIL,39310.6903498704,39722.3064462524,1.37550677054835,103.934953276155,
METHODIST GIRLS' SCHOOL (PRIMARY),NETBALL; RHYTHMIC GYMNASTICS; SOFTBALL; SWIMMING; TENNIS; FLOORBALL; BOWLING; ARTISTIC SWIMMING; ARTISTIC GYMNASTICS; POP AND JAZZ; SINGAPORE NATIONAL YOUTH ORCHESTRA; MODERN DANCE; STRING ENSEMBLE; HANDBELL ENSEMBLE; CHOIR; GIRL GUIDES (BROWNIES); GIRLS' BRIGADE; INFOCOMM TECHNOLOGY (MEDIA PRODUCTION); FAITH-BASED CCA; ART AND CRAFTS; INFOCOMM TECHNOLOGY (COMPUTING); STUDENT LEADERSHIP (HOUSE); STUDENT LEADERSHIP (PREFECT),LANGUAGES; SPORTS & OUTDOOR EDUCATION,"{'F': ['BOWLING', 'SWIMMING', 'GYMNASTICS (ARTISTIC)', 'SOFTBALL', 'TENNIS (INDIVIDUAL)', 'TENNIS (DOUBLES)']}",INTERNATIONAL_DANCE,https://www.mgs.moe.edu.sg/,599986,GIRLS' SCHOOL,SINGLE SESSION,N,N,N,N,CHINESEMALAYTAMIL,22442.5909795491,34984.5810560323,1.33266213599636,103.783382114018,1.0
MONTFORT JUNIOR SCHOOL,TAEKWONDO; TABLE TENNIS; BADMINTON; FOOTBALL; GUITAR ENSEMBLE; MODERN DANCE; SCOUTS; ROBOTICS; ART AND CRAFTS,STEM - SUSTAINABILITY; SPORTS & OUTDOOR EDUCATION,{'M': ['FOOTBAL']},INTERNATIONAL_DANCE,http://www.montfortjunior.moe.edu.sg/,538786,BOYS' SCHOOL,SINGLE SESSION,N,N,N,N,CHINESEMALAYTAMIL,34279.1743147392,39514.0026060622,1.37362445234082,103.889741457901,3.0
NAN CHIAU PRIMARY SCHOOL,NETBALL; MODULAR CCA (SPORTS); TABLE TENNIS; TRACK AND FIELD; WUSHU; BASKETBALL; BADMINTON; FOOTBALL; PERCUSSION ENSEMBLE; MODERN DANCE; GUZHENG ENSEMBLE; CHOIR; SCOUTS; GIRL GUIDES (BROWNIES); ROBOTICS; STRATEGY GAMES; INFOCOMM TECHNOLOGY (MEDIA PRODUCTION); ART AND CRAFTS; ENGLISH CULTURE AND LANGUAGE; ENVIRONMENTAL SCIENCE; STUDENT LEADERSHIP (PREFECT); STUDENT LEADERSHIP (PEER SUPPORT),STEM - HEALTH SCIENCE; COMMUNITY SERVICE & STUDENT LEADERSHIP,{'F': ['WUSHU']},INTERNATIONAL_DANCE; GUZHENG_ENSEMBLE,http://www.ncps.moe.edu.sg,545080,CO-ED SCHOOL,SINGLE SESSION,N,N,N,N,CHINESEMALAYTAMIL,34439.3196740765,41569.2687405795,1.39221149906592,103.891180928186,3.0
NAN HUA PRIMARY SCHOOL,TABLE TENNIS; WUSHU; VOLLEYBALL; TRACK AND FIELD; FOOTBALL; BADMINTON; PERCUSSION ENSEMBLE; GUZHENG ENSEMBLE; CHOIR; CHINESE DANCE; SCOUTS; GIRL GUIDES (BROWNIES); ROBOTICS; PHYSICAL SCIENCE; JOURNALISM; SPEECH AND DRAMA; INTERNATIONAL CHESS; CHINESE WEIQI; ART AND CRAFTS; INFOCOMM TECHNOLOGY (COMPUTING),INTERDISCIPLINARY; COMMUNITY SERVICE & STUDENT LEADERSHIP,"{'F': ['SAILING', 'TABLE TENNIS']}",CHINESE_DANCE; GUZHENG_ENSEMBLE,http://www.nanhuapri.moe.edu.sg,128806,CO-ED SCHOOL,SINGLE SESSION,Y,N,Y,N,CHINESE,19962.2298404071,33496.2443055101,1.31920159956387,103.761095065761,
NANYANG PRIMARY SCHOOL,TABLE TENNIS; TENNIS; WUSHU; FOOTBALL; TRACK AND FIELD; ARTISTIC GYMNASTICS; BADMINTON; BASKETBALL; GUZHENG ENSEMBLE; MODERN DANCE; SINGAPORE NATIONAL YOUTH CHINESE ORCHESTRA; STRING ENSEMBLE; SINGAPORE NATIONAL YOUTH ORCHESTRA; CHINESE DANCE; CHINESE ORCHESTRA; CHOIR; SCOUTS; GIRLS' BRIGADE; GIRL GUIDES (BROWNIES); BOYS' BRIGADE; INTERNATIONAL CHESS; ROBOTICS; DESIGN AND INNOVATION; ENVIRONMENTAL SCIENCE; ART AND CRAFTS; CHINESE CULTURE AND LANGUAGE; DEBATING AND PUBLIC SPEAKING; CHINESE CALLIGRAPHY AND BRUSH PAINTING; STUDENT LEADERSHIP (PEER SUPPORT); STUDENT LEADERSHIP (PREFECT),INNOVATION & ENTERPRISE; MUSIC & PERFORMING ARTS,"{'F': ['SWIMMING', 'GYMNASTICS (ARTISTIC)'], 'M': ['SWIMMING', 'TABLE TENNIS', 'TRACK AND FIELD']}",CHINESE_DANCE; CHOIR; GUZHENG_ENSEMBLE,http://www.nyps.moe.edu.sg,268097,CO-ED SCHOOL,SINGLE SESSION,Y,N,Y,N,CHINESE,25146.8860732606,33702.8446938451,1.32107094241153,103.807681852799,
NAVAL BASE PRIMARY SCHOOL,NETBALL; OUTDOOR ADVENTURE; TAEKWONDO; FLOORBALL; BASKETBALL; FOOTBALL; MODERN DANCE; CHOIR; CONCERT BAND; RED CROSS YOUTH; GIRLS' BRIGADE; BOYS' BRIGADE; SPEECH AND DRAMA; INFOCOMM TECHNOLOGY (COMPUTING); ART AND CRAFTS; STUDENT LEADERSHIP (PREFECT); STUDENT LEADERSHIP (COUNCIL),INTERDISCIPLINARY; SPORTS & OUTDOOR EDUCATION,,INTERNATIONAL_DANCE,http://www.navalbasepri.moe.edu.sg/,769028,CO-ED SCHOOL,SINGLE SESSION,N,N,N,N,CHINESEMALAYTAMIL,28643.4553870633,44188.7616005596,1.41590195697649,103.839100590207,
NEW TOWN PRIMARY SCHOOL,NETBALL; FOOTBALL; BASKETBALL; BADMINTON; MODERN DANCE; MALAY DANCE; CHINESE DANCE; BRASS BAND; CHOIR; RED CROSS YOUTH; GIRL GUIDES (BROWNIES); SPEECH AND DRAMA; ROBOTICS; ART AND CRAFTS,INTERDISCIPLINARY; COMMUNITY SERVICE & STUDENT LEADERSHIP,,CHINESE_DANCE,http://www.newtownpri.moe.edu.sg/,148812,CO-ED SCHOOL,SINGLE SESSION,N,N,N,N,CHINESEMALAYTAMIL,24288.0252855225,31352.0824043378,1.29981138884057,103.799964819895,3.0
NGEE ANN PRIMARY SCHOOL,"MODULAR CCA (SPORTS); TABLE TENNIS; WUSHU; TRACK AND FIELD; FOOTBALL; FLOORBALL; BADMINTON; MALAY DANCE; SINGAPORE NATIONAL YOUTH ORCHESTRA; INDIAN DANCE; GUZHENG ENSEMBLE; CHOIR; CHINESE ORCHESTRA; CHINESE DANCE; SCOUTS; GIRL GUIDES (BROWNIES); INFOCOMM TECHNOLOGY (MEDIA PRODUCTION); ENVIRONMENTAL SCIENCE; ENGLISH LANGUAGE, DRAMA AND DEBATING; ART AND CRAFTS; STUDENT LEADERSHIP (PREFECT); STUDENT LEADERSHIP (PEER SUPPORT); STUDENT INITIATED ACTIVITIES (CLUBS & SOCIETIES)",STEM - SUSTAINABILITY; MUSIC & PERFORMING ARTS,,CHINESE_DANCE; GUZHENG_ENSEMBLE,http://www.ngeeannpri.moe.edu.sg,449149,CO-ED SCHOOL,SINGLE SESSION,N,N,N,N,CHINESEMALAYTAMIL,37376.4109761156,31984.7973440588,1.30553224180437,103.917570005713,3.0
NORTH SPRING PRIMARY SCHOOL,WUSHU; FOOTBALL; BASKETBALL; GUITAR ENSEMBLE; TAP DANCE; STRING ENSEMBLE; CULTURAL DANCE; CHOIR; ENGLISH DRAMA; GIRL GUIDES (BROWNIES); SCOUTS; INFOCOMM TECHNOLOGY (MEDIA PRODUCTION); PHYSICAL SCIENCE; CERAMICS; ART AND CRAFTS,STEM - SUSTAINABILITY; SPORTS & OUTDOOR EDUCATION,,INTERNATIONAL_DANCE,http://www.northspringpri.moe.edu.sg,545088,CO-ED SCHOOL,SINGLE SESSION,N,N,N,N,CHINESEMALAYTAMIL,35777.2005732814,40999.8398870248,1.38706146494859,103.903202683028,
NORTH VIEW PRIMARY SCHOOL,OUTDOOR ADVENTURE; FLOORBALL; FOOTBALL; BASKETBALL; MODERN DANCE; MALAY DANCE; CHOIR; CHINESE DANCE; ENGLISH DRAMA; SCOUTS; GIRLS' BRIGADE; BOYS' BRIGADE; PHYSICAL SCIENCE; INFOCOMM TECHNOLOGY (COMPUTING); ART AND CRAFTS,STEM - SUSTAINABILITY; MUSIC & PERFORMING ARTS,{'F': ['TRACK AND FIELD']},CHINESE_DANCE,http://www.northviewpri.moe.edu.sg,768960,CO-ED SCHOOL,SINGLE SESSION,N,N,N,N,CHINESEMALAYTAMIL,29675.9396856809,45465.8669915069,1.42745159462566,103.848378442893,
NORTH VISTA PRIMARY SCHOOL,MODULAR CCA (SPORTS); RUGBY; SOFTBALL; BASKETBALL; HEALTH AND FITNESS; MODERN DANCE; MODULAR CCA (VPA); CONCERT BAND; CHOIR; CHINESE DANCE; SCOUTS; GIRLS' BRIGADE; BOYS' BRIGADE; SPEECH AND DRAMA; MALAY CULTURE AND LANGUAGE; INFOCOMM TECHNOLOGY (COMPUTING); ENVIRONMENTAL SCIENCE; ENGLISH CULTURE AND LANGUAGE; ART AND CRAFTS; STUDENT LEADERSHIP (PREFECT); STUDENT INITIATED ACTIVITIES (VISUAL & PERFORMING ARTS); STUDENT INITIATED ACTIVITIES (CLUBS & SOCIETIES),ICT & MEDIA; VISUAL ARTS & DESIGN,{'F': ['SOFTBALL']},CHINESE_DANCE; INTERNATIONAL_DANCE,http://www.northvistapri.moe.edu.sg,544974,CO-ED SCHOOL,SINGLE SESSION,N,N,N,N,CHINESEMALAYTAMIL,35005.0914893029,40501.0361976493,1.38255066171151,103.89626457548,
NORTHLAND PRIMARY SCHOOL,NETBALL; SILAT; TRACK AND FIELD; WUSHU; BASKETBALL; FLOORBALL; FOOTBALL; MODERN DANCE; STRING ENSEMBLE; CHOIR; CHINESE DANCE; HANDBELL ENSEMBLE; ENGLISH DRAMA; SCOUTS; GIRL GUIDES (BROWNIES); MALAY CULTURE AND LANGUAGE; MEDIA RESOURCE LIBRARY; INTERNATIONAL CHESS; INFOCOMM TECHNOLOGY (MEDIA PRODUCTION); ART AND CRAFTS,INTERDISCIPLINARY; MUSIC & PERFORMING ARTS,,,http://www.northlandpri.moe.edu.sg,769026,CO-ED SCHOOL,SINGLE SESSION,N,N,N,N,CHINESEMALAYTAMIL,28831.785990159,44786.0974140298,1.42130404159807,103.840792923345,
NORTHOAKS PRIMARY SCHOOL,NETBALL; WUSHU; FOOTBALL; FLOORBALL; MODERN DANCE; GUITAR ENSEMBLE; CHOIR; INFOCOMM TECHNOLOGY (COMPUTING); ENVIRONMENTAL SCIENCE; ART AND CRAFTS,INTERDISCIPLINARY; SPORTS & OUTDOOR EDUCATION,{'M': ['FLOORBALL']},INTERNATIONAL_DANCE,http://www.northoakspri.moe.edu.sg,757622,CO-ED SCHOOL,SINGLE SESSION,N,N,N,N,CHINESEMALAYTAMIL,25858.5709089329,48769.5280026253,1.45732867302094,103.814075611175,
NORTHSHORE PRIMARY SCHOOL,WUSHU; TRACK AND FIELD; MODULAR CCA (SPORTS); BASKETBALL; BADMINTON; STRING ENSEMBLE; MODERN DANCE; CHOIR; SCOUTS; ENVIRONMENTAL SCIENCE; DIGITAL MEDIA; ART AND CRAFTS,; SPORTS & OUTDOOR EDUCATION,,,https://northshorepri.moe.edu.sg/,828671,CO-ED SCHOOL,SINGLE SESSION,N,N,N,N,CHINESEMALAYTAMIL,35993.4941017935,44467.6734127142,1.41842322079348,103.905147201163,3.0
OASIS PRIMARY SCHOOL,MODULAR CCA (SPORTS); HOCKEY; WUSHU; ROCKWALL CLIMBING; TABLE TENNIS; FOOTBALL; BADMINTON; MODERN DANCE; GUZHENG ENSEMBLE; ENGLISH DRAMA; GUITAR ENSEMBLE; SCOUTS; INFOCOMM TECHNOLOGY (MEDIA PRODUCTION); PUBLICATION; ENVIRONMENTAL SCIENCE; ART AND CRAFTS,INTERDISCIPLINARY; COMMUNITY SERVICE & STUDENT LEADERSHIP,{'M': ['HOCKEY']},INTERNATIONAL_DANCE,http://www.oasispri.moe.edu.sg/,828716,CO-ED SCHOOL,SINGLE SESSION,N,N,N,N,CHINESEMALAYTAMIL,36667.1550856009,42991.3663999084,1.40507184758584,103.911200193835,
OPERA ESTATE PRIMARY SCHOOL,TRACK AND FIELD; NETBALL; FLOORBALL; FOOTBALL; MODERN DANCE; ENGLISH DRAMA; ANGKLUNG/KULINTANG ENSEMBLE; SCOUTS; GIRL GUIDES (BROWNIES); STRATEGY GAMES; INFOCOMM TECHNOLOGY (COMPUTING); ART AND CRAFTS; STUDENT LEADERSHIP (PREFECT),STEM - SUSTAINABILITY; MUSIC & PERFORMING ARTS,,,http://www.operaestatepri.moe.edu.sg,458436,CO-ED SCHOOL,SINGLE SESSION,N,N,N,N,CHINESEMALAYTAMIL,38064.4274895079,33581.1396132912,1.31996876377748,103.923752668632,
PALM VIEW PRIMARY SCHOOL,TABLE TENNIS; NETBALL; FOOTBALL; BASKETBALL; BADMINTON; MODERN DANCE; CHOIR; ENGLISH DRAMA; ROBOTICS; PHYSICAL SCIENCE; INFOCOMM TECHNOLOGY (MEDIA PRODUCTION); ART AND CRAFTS; STUDENT LEADERSHIP (PREFECT),LANGUAGES; COMMUNITY SERVICE & STUDENT LEADERSHIP,,INTERNATIONAL_DANCE,http://www.palmviewpri.moe.edu.sg,544822,CO-ED SCHOOL,SINGLE SESSION,N,N,N,N,CHINESEMALAYTAMIL,34458.6783197625,40635.7654705234,1.38376923022123,103.891354675017,
PARK VIEW PRIMARY SCHOOL,"VOLLEYBALL; WUSHU; NETBALL; FOOTBALL; FLOORBALL; HOCKEY; MODERN DANCE; GUZHENG ENSEMBLE; CHOIR; SCOUTS; MATHEMATICS; INFOCOMM TECHNOLOGY (MEDIA PRODUCTION); ENGLISH LANGUAGE, DRAMA AND DEBATING; ENVIRONMENTAL SCIENCE; COMMUNITY SERVICE; ART AND CRAFTS; STUDENT LEADERSHIP (PREFECT); STUDENT LEADERSHIP (PEER SUPPORT); STUDENT LEADERSHIP (HOUSE); STUDENT LEADERSHIP (COUNCIL)",INNOVATION & ENTERPRISE; SPORTS & OUTDOOR EDUCATION,,INTERNATIONAL_DANCE; GUZHENG_ENSEMBLE,http://www.parkviewpri.moe.edu.sg,519524,CO-ED SCHOOL,SINGLE SESSION,N,N,N,N,CHINESEMALAYTAMIL,39783.5293153096,39999.8822296057,1.37801687647812,103.9392021807,
PASIR RIS PRIMARY SCHOOL,WUSHU; OUTDOOR ADVENTURE; TENNIS; TAEKWONDO; TABLE TENNIS; SWIMMING; SAILING; ROPE SKIPPING; NETBALL; TRACK AND FIELD; ARTISTIC GYMNASTICS; FLOORBALL; FOOTBALL; CHOIR; GUZHENG ENSEMBLE; CULTURAL DANCE; SPEECH AND DRAMA; INFOCOMM TECHNOLOGY (MEDIA PRODUCTION); ART AND CRAFTS; INTERNATIONAL CHESS; STUDENT LEADERSHIP (PREFECT),INNOVATION & ENTERPRISE; SPORTS & OUTDOOR EDUCATION,"{'F': ['FLOORBALL'], 'M': ['FLOORBALL', 'TAEKWONDO']}",INTERNATIONAL_DANCE; CHOIR; GUZHENG_ENSEMBLE,http://www.pasirrispri.moe.edu.sg,518968,CO-ED SCHOOL,SINGLE SESSION,N,N,N,N,CHINESEMALAYTAMIL,42423.3658017013,39384.6009523422,1.37245132722087,103.962922699031,
PAYA LEBAR METHODIST GIRLS' SCHOOL (PRIMARY),"MODULAR CCA (SPORTS); NETBALL; TABLE TENNIS; ROPE SKIPPING; TRACK AND FIELD; RHYTHMIC GYMNASTICS; BADMINTON; MODERN DANCE; STRING ENSEMBLE; HANDBELL ENSEMBLE; CHOIR; ANGKLUNG/KULINTANG ENSEMBLE; GIRLS' BRIGADE; INFOCOMM TECHNOLOGY (COMPUTING); FAITH-BASED CCA; ENVIRONMENTAL SCIENCE; ENGLISH LANGUAGE, DRAMA AND DEBATING; ART AND CRAFTS; STUDENT LEADERSHIP (PREFECT)",LANGUAGES; SPORTS & OUTDOOR EDUCATION,{'F': ['ROPE SKIPPING']},INTERNATIONAL_DANCE; CHOIR,http://www.payalebarmethodistgirlspri.moe.edu.sg/,536741,GIRLS' SCHOOL,SINGLE SESSION,N,N,N,N,CHINESEMALAYTAMIL,33734.5224694395,36929.8656870592,1.3502545600894,103.884846876112,3.0
PEI CHUN PUBLIC SCHOOL,MODULAR CCA (SPORTS); VOLLEYBALL; TABLE TENNIS; WUSHU; BASKETBALL; CHOIR; CHINESE ORCHESTRA; CHINESE DANCE; SCOUTS; GIRL GUIDES (BROWNIES); INFOCOMM TECHNOLOGY (MEDIA PRODUCTION); STRATEGY GAMES; CHINESE WEIQI; CHINESE CALLIGRAPHY AND BRUSH PAINTING; ART AND CRAFTS; ENVIRONMENTAL SCIENCE; STUDENT LEADERSHIP (PEER SUPPORT); STUDENT LEADERSHIP (PREFECT); STUDENT LEADERSHIP (HOUSE),LANGUAGES; COMMUNITY SERVICE & STUDENT LEADERSHIP,,CHINESE_DANCE; CHOIR,http://www.peichunpublic.moe.edu.sg,319320,CO-ED SCHOOL,SINGLE SESSION,Y,N,N,N,CHINESE,30450.8965329072,35439.718033338,1.33677864390672,103.855341310212,2.0
PEI HWA PRESBYTERIAN PRIMARY SCHOOL,RHYTHMIC GYMNASTICS; TABLE TENNIS; TRACK AND FIELD; WUSHU; TCHOUKBALL; GUZHENG ENSEMBLE; MODERN DANCE; GUITAR ENSEMBLE; ENGLISH DRAMA; CHOIR; CHINESE DRUMS; CHINESE DANCE; GIRLS' BRIGADE; BOYS' BRIGADE; INFOCOMM TECHNOLOGY (MEDIA PRODUCTION); ROBOTICS; CHINESE CULTURE AND LANGUAGE; ART AND CRAFTS; FAITH-BASED CCA,LANGUAGES; SPORTS & OUTDOOR EDUCATION,"{'F': ['TABLE TENNIS'], 'M': ['TABLE TENNIS']}",INTERNATIONAL_DANCE,http://www.peihwapresbyterianpri.moe.edu.sg/,597610,CO-ED SCHOOL,SINGLE SESSION,Y,N,N,N,CHINESE,21648.9750402756,35582.9065720346,1.33807302121151,103.776250903095,2.0
PEI TONG PRIMARY SCHOOL,"FOOTBALL; TABLE TENNIS; BASKETBALL; BADMINTON; PERCUSSION ENSEMBLE; MODERN DANCE; CHOIR; GIRLS' BRIGADE; GIRL GUIDES (BROWNIES); BOYS' BRIGADE; INFOCOMM TECHNOLOGY (MEDIA PRODUCTION); ENVIRONMENTAL SCIENCE; ART AND CRAFTS; ENGLISH LANGUAGE, DRAMA AND DEBATING",STEM - SUSTAINABILITY; MUSIC & PERFORMING ARTS,,,http://www.peitongpri.moe.edu.sg/,129857,CO-ED SCHOOL,SINGLE SESSION,N,N,N,N,CHINESEMALAYTAMIL,20668.2404885115,33215.772784153,1.31666529308968,103.767438999533,
PEIYING PRIMARY SCHOOL,OUTDOOR ADVENTURE; VOLLEYBALL; ROPE SKIPPING; SEPAKTAKRAW; NETBALL; MODERN DANCE; CHOIR; ENGLISH DRAMA; ANGKLUNG/KULINTANG ENSEMBLE; RED CROSS YOUTH; GIRL GUIDES (BROWNIES); PHOTOGRAPHY; PHYSICAL SCIENCE; ART AND CRAFTS; INFOCOMM TECHNOLOGY (MEDIA PRODUCTION),INTERDISCIPLINARY; SPORTS & OUTDOOR EDUCATION,{'M': ['SEPAKTAKRAW']},INTERNATIONAL_DANCE,http://www.peiyingpri.moe.edu.sg,768687,CO-ED SCHOOL,SINGLE SESSION,N,N,N,N,CHINESEMALAYTAMIL,27646.6270154091,44356.206750067,1.41741627551251,103.830143209875,
PIONEER PRIMARY SCHOOL,WUSHU; NETBALL; FOOTBALL; BASKETBALL; MODERN DANCE; CHINESE ORCHESTRA; SCOUTS; BOYS' BRIGADE; INFOCOMM TECHNOLOGY (MEDIA PRODUCTION); ROBOTICS; ART AND CRAFTS; COMMUNITY SERVICE; STUDENT INITIATED ACTIVITIES (VISUAL & PERFORMING ARTS),INTERDISCIPLINARY; MUSIC & PERFORMING ARTS,,CHINESE_DANCE; MALAY_DANCE; INDIAN_DANCE; CHOIR; CO_MIXED_ENSEMBLE,http://www.pioneerpri.moe.edu.sg,699915,CO-ED SCHOOL,SINGLE SESSION,N,N,N,N,CHINESEMALAYTAMIL,16812.4121220056,37391.2857226934,1.35442592930738,103.732790920197,
POI CHING SCHOOL,WUSHU; VOLLEYBALL; TABLE TENNIS; OUTDOOR ADVENTURE; BADMINTON; BASKETBALL; CHINESE DRUMS; CHINESE DANCE; CHINESE ORCHESTRA; BRASS BAND; SCOUTS; GIRL GUIDES (BROWNIES); PHYSICAL SCIENCE; INFOCOMM TECHNOLOGY (COMPUTING); CHINESE CALLIGRAPHY AND BRUSH PAINTING; ART AND CRAFTS,LANGUAGES; MUSIC & PERFORMING ARTS,"{'F': ['WUSHU'], 'M': ['BADMINTON']}",CHINESE_DANCE; INTERNATIONAL_DANCE,http://www.poiching.moe.edu.sg,529067,CO-ED SCHOOL,SINGLE SESSION,Y,N,N,N,CHINESE,39343.4048039075,37747.9287135638,1.35765121877679,103.935246486174,2.0
PRINCESS ELIZABETH PRIMARY SCHOOL,FLOORBALL; FOOTBALL; WUSHU; BASKETBALL; MALAY DANCE; INDIAN DANCE; CHOIR; CHINESE DANCE; BALLET; CONCERT BAND; GIRLS' BRIGADE; SCOUTS; BOYS' BRIGADE; ENVIRONMENTAL SCIENCE; ENTREPRENEURSHIP; ART AND CRAFTS; STUDENT LEADERSHIP (PREFECT),INNOVATION & ENTERPRISE; COMMUNITY SERVICE & STUDENT LEADERSHIP,,CHINESE_DANCE; MALAY_DANCE,http://www.princesselizabethpri.moe.edu.sg,659163,CO-ED SCHOOL,SINGLE SESSION,N,N,N,N,CHINESEMALAYTAMIL,17694.7193374345,36812.396792436,1.34919098857585,103.740719208011,3.0
PUNGGOL COVE PRIMARY SCHOOL,MODULAR CCA (SPORTS); HEALTH AND FITNESS; FOOTBALL; FLOORBALL; BASKETBALL; BADMINTON; MODERN DANCE; CHOIR; ENGLISH DRAMA; SCOUTS; INFOCOMM TECHNOLOGY (COMPUTING); ENVIRONMENTAL SCIENCE; ART AND CRAFTS; STUDENT LEADERSHIP (PREFECT),LANGUAGES; MUSIC & PERFORMING ARTS/ VISUAL ARTS & DESIGN,,INTERNATIONAL_DANCE,https://punggolcovepri.moe.edu.sg/,828674,CO-ED SCHOOL,SINGLE SESSION,N,N,N,N,CHINESEMALAYTAMIL,35298.7904222226,43711.4672181848,1.41158455562454,103.89890448429,3.0
PUNGGOL GREEN PRIMARY SCHOOL,FOOTBALL; BASKETBALL; BADMINTON; STRING ENSEMBLE; MODERN DANCE; ENGLISH DRAMA; CHOIR; ANGKLUNG/KULINTANG ENSEMBLE; SCOUTS; ROBOTICS; INFOCOMM TECHNOLOGY (MEDIA PRODUCTION); DESIGN AND INNOVATION; ART AND CRAFTS; STUDENT LEADERSHIP (PREFECT),STEM - SUSTAINABILITY; COMMUNITY SERVICE & STUDENT LEADERSHIP,,,http://www.punggolgreenpri.moe.edu.sg,828772,CO-ED SCHOOL,SINGLE SESSION,N,N,N,N,CHINESEMALAYTAMIL,35286.5548319491,42621.3463525623,1.40172590450528,103.898794262307,3.0
PUNGGOL PRIMARY SCHOOL,"FRISBEE; HOCKEY; BASKETBALL; MODERN DANCE; GUZHENG ENSEMBLE; CHOIR; ANGKLUNG/KULINTANG ENSEMBLE; CONCERT BAND; GIRLS' BRIGADE; BOYS' BRIGADE; INFOCOMM TECHNOLOGY (COMPUTING); INFOCOMM TECHNOLOGY (MEDIA PRODUCTION); ENGLISH LANGUAGE, DRAMA AND DEBATING; DESIGN AND INNOVATION; ART AND CRAFTS",INTERDISCIPLINARY; SPORTS & OUTDOOR EDUCATION,"{'F': ['HOCKEY'], 'M': ['HOCKEY']}",,http://www.punggolpri.moe.edu.sg/,538787,CO-ED SCHOOL,SINGLE SESSION,N,N,N,N,CHINESEMALAYTAMIL,34827.3316768408,40020.0263597388,1.37820062547641,103.894667159512,
PUNGGOL VIEW PRIMARY SCHOOL,"WUSHU; RUGBY; MODULAR CCA (SPORTS); FLOORBALL; BADMINTON; MODERN DANCE; CHOIR; CULTURAL DANCE; SCOUTS; INFOCOMM TECHNOLOGY (COMPUTING); INTERNATIONAL CHESS; ENGLISH LANGUAGE, DRAMA AND DEBATING; COMMUNITY SERVICE; ART AND CRAFTS",LANGUAGES; SPORTS & OUTDOOR EDUCATION,,,http://www.punggolviewpri.moe.edu.sg,828845,CO-ED SCHOOL,SINGLE SESSION,N,N,N,N,CHINESEMALAYTAMIL,36010.4358489802,42989.2062344458,1.40505250226058,103.905299026568,
QIFA PRIMARY SCHOOL,"WUSHU; VOLLEYBALL; TABLE TENNIS; BASKETBALL; FLOORBALL; PERCUSSION ENSEMBLE; MALAY DANCE; GUZHENG ENSEMBLE; CHOIR; CHINESE DANCE; SCOUTS; GIRL GUIDES (BROWNIES); INFOCOMM TECHNOLOGY (MEDIA PRODUCTION); ENGLISH LANGUAGE, DRAMA AND DEBATING; ART AND CRAFTS",LANGUAGES; SPORTS & OUTDOOR EDUCATION,"{'F': ['VOLLEYBALL', 'BASKETBALL']}",CHINESE_DANCE; MALAY_DANCE; GUZHENG_ENSEMBLE,http://www.qifapri.moe.edu.sg,128104,CO-ED SCHOOL,SINGLE SESSION,N,N,N,N,CHINESEMALAYTAMIL,19465.1912890384,32839.9119845238,1.3132658326807,103.756629101811,
QIHUA PRIMARY SCHOOL,TABLE TENNIS; SEPAKTAKRAW; FLOORBALL; BASKETBALL; MALAY DANCE; INDIAN DANCE; CHOIR; CHINESE ORCHESTRA; CHINESE DANCE; SCOUTS; GIRL GUIDES (BROWNIES); ENVIRONMENTAL SCIENCE; SPEECH AND DRAMA; ENTREPRENEURSHIP; ART AND CRAFTS; DIKIR BARAT,INNOVATION & ENTERPRISE; SPORTS & OUTDOOR EDUCATION,{'M': ['SEPAKTAKRAW']},INDIAN_DANCE,http://www.qihuapri.moe.edu.sg,738525,CO-ED SCHOOL,SINGLE SESSION,N,N,N,N,CHINESEMALAYTAMIL,22994.5556907868,47078.5773993656,1.44203596557592,103.788339762066,
QUEENSTOWN PRIMARY SCHOOL,SOFTBALL; SWIMMING; FOOTBALL; BASKETBALL; BADMINTON; MODERN DANCE; MALAY DANCE; ENGLISH DRAMA; CHINESE DANCE; CHOIR; GIRLS' BRIGADE; BOYS' BRIGADE; ENVIRONMENTAL SCIENCE; MATHEMATICS; INTERNATIONAL CHESS; INFOCOMM TECHNOLOGY (COMPUTING); CHINESE WEIQI; ART AND CRAFTS,INTERDISCIPLINARY; VISUAL ARTS & DESIGN,,,http://www.queenstownpri.moe.edu.sg,149303,CO-ED SCHOOL,SINGLE SESSION,N,N,N,N,CHINESEMALAYTAMIL,25143.1426198389,30878.5540552996,1.29552905587752,103.807648475656,
RADIN MAS PRIMARY SCHOOL,"FLOORBALL; RUGBY; FOOTBALL; TABLE TENNIS; BASKETBALL; CHOIR; CHINESE ORCHESTRA; CHINESE DANCE; SCOUTS; GIRLS' BRIGADE; BOYS' BRIGADE; INFOCOMM TECHNOLOGY (COMPUTING); ENVIRONMENTAL SCIENCE; ART AND CRAFTS; ENGLISH LANGUAGE, DRAMA AND DEBATING; STUDENT LEADERSHIP (PREFECT); STUDENT LEADERSHIP (PEER SUPPORT)",STEM - GAME DESIGN AND MAKING; SPORTS & OUTDOOR EDUCATION,,CHINESE_DANCE; CHOIR; CO_MIXED_ENSEMBLE,http://www.radinmasps.moe.edu.sg,99840,CO-ED SCHOOL,SINGLE SESSION,N,N,N,N,CHINESEMALAYTAMIL,26975.8011428332,28597.1569343451,1.27489701529771,103.824115781658,3.0
RAFFLES GIRLS' PRIMARY SCHOOL,TABLE TENNIS; SHOOTING; SOFTBALL; RHYTHMIC GYMNASTICS; BADMINTON; BASKETBALL; STRING ENSEMBLE; CONCERT BAND; ENGLISH DRAMA; CHINESE DANCE; CHOIR; GIRLS' BRIGADE; GIRL GUIDES (BROWNIES); INFOCOMM TECHNOLOGY (COMPUTING); INTERNATIONAL CHESS; ENVIRONMENTAL SCIENCE; MEDIA RESOURCE LIBRARY; ART AND CRAFTS,LANGUAGES; MUSIC & PERFORMING ARTS,"{'F': ['BADMINTON', 'GYMNASTICS (RHYTHMIC)', 'TENNIS (DOUBLES)']}",CHINESE_DANCE; INTERNATIONAL_DANCE; CHOIR,http://www.rafflesgirlspri.moe.edu.sg,289072,GIRLS' SCHOOL,SINGLE SESSION,N,N,Y,N,CHINESEMALAYTAMIL,25003.9977021599,34694.7955917995,1.33004178068277,103.806397828938,1.0
RED SWASTIKA SCHOOL,WUSHU; TRACK AND FIELD; TABLE TENNIS; BOWLING; BASKETBALL; BADMINTON; MODERN DANCE; GUZHENG ENSEMBLE; CHINESE ORCHESTRA; CHINESE DANCE; GIRL GUIDES (BROWNIES); SCOUTS; ROBOTICS; CHINESE CULTURE AND LANGUAGE; ART AND CRAFTS,STEM - TRANSPORTATION; COMMUNITY SERVICE & STUDENT LEADERSHIP,"{'M': ['BOWLING', 'WUSHU']}",CHINESE_DANCE; CO_MIXED_ENSEMBLE; GUZHENG_ENSEMBLE,http://www.redswastika.moe.edu.sg,469719,CO-ED SCHOOL,SINGLE SESSION,Y,N,N,N,CHINESE,39240.1303829281,35138.9475005791,1.33405659580859,103.934317528484,2.0
RIVER VALLEY PRIMARY SCHOOL,VOLLEYBALL; NETBALL; WUSHU; FOOTBALL; BASKETBALL; BADMINTON; FLOORBALL; MODERN DANCE; ENGLISH DRAMA; CONCERT BAND; CHOIR; GIRL GUIDES (BROWNIES); SCOUTS; RED CROSS YOUTH; INFOCOMM TECHNOLOGY (COMPUTING); STUDENTS' COUNCIL; CHINESE WEIQI; ART AND CRAFTS; STUDENT LEADERSHIP (PREFECT); STUDENT LEADERSHIP (HOUSE),LANGUAGES; COMMUNITY SERVICE & STUDENT LEADERSHIP,,INTERNATIONAL_DANCE; CHOIR,http://www.rivervalleypri.moe.edu.sg,237993,CO-ED SCHOOL,SINGLE SESSION,N,N,N,N,CHINESEMALAYTAMIL,28300.5267893467,30729.7527125087,1.29418347842837,103.836018941571,2.0
RIVERSIDE PRIMARY SCHOOL,TRACK AND FIELD; NETBALL; FOOTBALL; FLOORBALL; BASKETBALL; BADMINTON; STRING ENSEMBLE; MODERN DANCE; ENGLISH DRAMA; CHOIR; SCOUTS; ROBOTICS; HOME ECONOMICS; ART AND CRAFTS; ENVIRONMENTAL SCIENCE,INTERDISCIPLINARY; COMMUNITY SERVICE & STUDENT LEADERSHIP,,INTERNATIONAL_DANCE,http://www.riversidepri.moe.edu.sg,737803,CO-ED SCHOOL,SINGLE SESSION,N,N,N,N,CHINESEMALAYTAMIL,24502.3868994378,47627.9217809848,1.44700426493785,103.801889031334,
RIVERVALE PRIMARY SCHOOL,TAEKWONDO; HOCKEY; NETBALL; MODULAR CCA (SPORTS); BASKETBALL; BADMINTON; FOOTBALL; MODERN DANCE; GUZHENG ENSEMBLE; CHOIR; BRASS BAND; RED CROSS YOUTH; HOME ECONOMICS; INFOCOMM TECHNOLOGY (MEDIA PRODUCTION); ROBOTICS; DEBATING AND PUBLIC SPEAKING; ART AND CRAFTS,STEM - SUSTAINABILITY; MUSIC & PERFORMING ARTS,,INTERNATIONAL_DANCE; BRASS_BAND; GUZHENG_ENSEMBLE,http://www.riversidesec.moe.edu.sg,545092,CO-ED SCHOOL,SINGLE SESSION,N,N,N,N,CHINESEMALAYTAMIL,35926.5905072847,41693.547538057,1.39333506298213,103.904545253288,3.0
ROSYTH SCHOOL,"MODULAR CCA (SPORTS); HEALTH AND FITNESS; TENNIS; TRACK AND FIELD; WUSHU; FOOTBALL; BADMINTON; BASKETBALL; MODERN DANCE; CHINESE DANCE; CHINESE ORCHESTRA; COMICS AND ILLUSTRATION; CONCERT BAND; CHOIR; SCOUTS; GIRL GUIDES (BROWNIES); INFOCOMM TECHNOLOGY (COMPUTING); INFOCOMM TECHNOLOGY (MEDIA PRODUCTION); INTERNATIONAL CHESS; MATHEMATICS; ROBOTICS; PHYSICAL SCIENCE; ENVIRONMENTAL SCIENCE; ART AND CRAFTS; DEBATING AND PUBLIC SPEAKING; ENGLISH LANGUAGE, DRAMA AND DEBATING",STEM - MATERIAL SCIENCE; MUSIC & PERFORMING ARTS,{'M': ['BADMINTON']},CHINESE_DANCE; CHOIR; BRASS_BAND; CO_FULL_ENSEMBLE,http://www.riversidesec.moe.edu.sg,555855,CO-ED SCHOOL,SINGLE SESSION,N,N,Y,N,CHINESEMALAYTAMIL,32613.2254595151,39429.2584868576,1.3728583654058,103.87477170399,1.0
RULANG PRIMARY SCHOOL,VOLLEYBALL; WUSHU; SOFTBALL; ROPE SKIPPING; HANDBALL; BADMINTON; BASKETBALL; MALAY DANCE; CHINESE ORCHESTRA; CHOIR; CHINESE DANCE; SCOUTS; GIRL GUIDES (BROWNIES); INFOCOMM TECHNOLOGY (MEDIA PRODUCTION); ROBOTICS; INTERNATIONAL CHESS; ENVIRONMENTAL SCIENCE; ART AND CRAFTS; STUDENT LEADERSHIP (PREFECT),STEM - TRANSPORTATION; SPORTS & OUTDOOR EDUCATION,"{'F': ['SOFTBALL', 'ROPE SKIPPING'], 'M': ['ROPE SKIPPING']}",CHINESE_DANCE; INTERNATIONAL_DANCE,http://www.riversidesec.moe.edu.sg,649295,CO-ED SCHOOL,SINGLE SESSION,N,N,N,N,CHINESEMALAYTAMIL,15217.2735802168,36541.3390983045,1.34673868889096,103.718457955487,
SEMBAWANG PRIMARY SCHOOL,TRACK AND FIELD; SOFTBALL; TABLE TENNIS; RUGBY; BOWLING; BADMINTON; MALAY DANCE; INDIAN DANCE; CHOIR; CHINESE ORCHESTRA; CHINESE DANCE; ENGLISH DRAMA; RED CROSS YOUTH; PHYSICAL SCIENCE; INFOCOMM TECHNOLOGY (COMPUTING); INTERNATIONAL CHESS; ART AND CRAFTS; STUDENT LEADERSHIP (PREFECT),STEM - SUSTAINABILITY; COMMUNITY SERVICE & STUDENT LEADERSHIP,,CHINESE_DANCE; INDIAN_DANCE; CHOIR,http://www.riversidesec.moe.edu.sg,757715,CO-ED SCHOOL,SINGLE SESSION,N,N,N,N,CHINESEMALAYTAMIL,26646.1261990219,47488.6922037564,1.4457453096024,103.821152676215,
SENG KANG PRIMARY SCHOOL,"TRACK AND FIELD; SOFTBALL; MODULAR CCA (SPORTS); HOCKEY; BASKETBALL; MODERN DANCE; MALAY DANCE; HANDBELL ENSEMBLE; SCOUTS; GIRL GUIDES (BROWNIES); INTERNATIONAL CHESS; INFOCOMM TECHNOLOGY (COMPUTING); ENGLISH LANGUAGE, DRAMA AND DEBATING; ART AND CRAFTS",LANGUAGES; SPORTS & OUTDOOR EDUCATION,"{'F': ['HOCKEY'], 'M': ['HOCKEY']}",MALAY_DANCE; INTERNATIONAL_DANCE,http://www.riversidesec.moe.edu.sg,545166,CO-ED SCHOOL,SINGLE SESSION,N,N,N,N,CHINESEMALAYTAMIL,35368.2352863764,41241.8749130946,1.38925044778224,103.899527879229,
SENGKANG GREEN PRIMARY SCHOOL,FOOTBALL; FLOORBALL; BASKETBALL; WUSHU; STRING ENSEMBLE; MODERN DANCE; INDIAN DANCE; GUZHENG ENSEMBLE; CHOIR; CHINESE DANCE; ENGLISH DRAMA; SCOUTS; ROBOTICS; ENVIRONMENTAL SCIENCE; DIGITAL MEDIA; ART AND CRAFTS,INTERDISCIPLINARY; MUSIC & PERFORMING ARTS,,CHINESE_DANCE; INDIAN_DANCE; INTERNATIONAL_DANCE; CHOIR,http://www.riversidesec.moe.edu.sg,797636,CO-ED SCHOOL,SINGLE SESSION,N,N,N,N,CHINESEMALAYTAMIL,32636.9100054335,41605.5649867393,1.3925400930811,103.874984869551,3.0
SHUQUN PRIMARY SCHOOL,WUSHU; SILAT; NETBALL; BASKETBALL; FOOTBALL; MODERN DANCE; CHOIR; BRASS BAND; GIRLS' BRIGADE; SCOUTS; GIRL GUIDES (BROWNIES); BOYS' BRIGADE; MEDIA RESOURCE LIBRARY; PUBLICATION; ENVIRONMENTAL SCIENCE; ART AND CRAFTS; STUDENT LEADERSHIP (PREFECT),INTERDISCIPLINARY; SPORTS & OUTDOOR EDUCATION,,INTERNATIONAL_DANCE,http://www.riversidesec.moe.edu.sg,649332,CO-ED SCHOOL,SINGLE SESSION,N,N,N,N,CHINESEMALAYTAMIL,15562.4299923396,36555.8065891601,1.34686967259067,103.721559387203,
SI LING PRIMARY SCHOOL,HEALTH AND FITNESS; FOOTBALL; FLOORBALL; BASKETBALL; MODERN DANCE; GUITAR ENSEMBLE; CHOIR; GIRL GUIDES (BROWNIES); INFOCOMM TECHNOLOGY (COMPUTING); ART AND CRAFTS; ENVIRONMENTAL SCIENCE; STUDENT LEADERSHIP (PREFECT),STEM - SUSTAINABILITY; COMMUNITY SERVICE & STUDENT LEADERSHIP,,,http://www.riversidesec.moe.edu.sg,739067,CO-ED SCHOOL,SINGLE SESSION,N,N,N,N,CHINESEMALAYTAMIL,22738.0565941427,46014.1202728488,1.43240935732525,103.786035065192,
SINGAPORE CHINESE GIRLS' PRIMARY SCHOOL,TENNIS; NETBALL; MODULAR CCA (SPORTS); BADMINTON; ARTISTIC GYMNASTICS; STRING ENSEMBLE; MODULAR CCA (VPA); MODERN DANCE; HANDBELL ENSEMBLE; SINGAPORE NATIONAL YOUTH ORCHESTRA; ENGLISH DRAMA; CHOIR; CHINESE DANCE; GIRL GUIDES (BROWNIES); INFOCOMM TECHNOLOGY (MEDIA PRODUCTION); ROBOTICS; CHINESE CULTURE AND LANGUAGE; ART AND CRAFTS,LANGUAGES; MUSIC & PERFORMING ARTS,"{'F': ['SWIMMING', 'BADMINTON', 'TENNIS (INDIVIDUAL)']}",CHINESE_DANCE; INTERNATIONAL_DANCE; CHOIR,http://www.riversidesec.moe.edu.sg,309437,GIRLS' SCHOOL,SINGLE SESSION,N,N,N,N,CHINESEMALAYTAMIL,27426.4538880838,33654.5249451734,1.3206340835184,103.828164966953,1.0
SOUTH VIEW PRIMARY SCHOOL,MODULAR CCA (SPORTS); NETBALL; FOOTBALL; BADMINTON; FLOORBALL; INDIAN DANCE; MALAY DANCE; CHINESE DANCE; CHOIR; CULTURAL DANCE; CHINESE ORCHESTRA; SCOUTS; GIRLS' BRIGADE; BOYS' BRIGADE; MEDIA RESOURCE LIBRARY; ROBOTICS; PHYSICAL SCIENCE; DIGITAL MEDIA; ART AND CRAFTS; STUDENT LEADERSHIP (PREFECT),ICT & MEDIA; MUSIC & PERFORMING ARTS,,CHINESE_DANCE; MALAY_DANCE; CHOIR,http://www.southviewpri.moe.edu.sg,689762,CO-ED SCHOOL,SINGLE SESSION,N,N,N,N,CHINESEMALAYTAMIL,18410.9318699865,40377.3373044748,1.38143123987698,103.747153671,2.0
SPRINGDALE PRIMARY SCHOOL,MODULAR CCA (SPORTS); OUTDOOR ADVENTURE; FLOORBALL; BASKETBALL; BADMINTON; ARTISTIC GYMNASTICS; UKULELE ENSEMBLE; MODERN DANCE; CHOIR; SCOUTS; PHYSICAL SCIENCE; MATHEMATICS; COMMUNITY SERVICE; ENVIRONMENTAL SCIENCE; DESIGN AND INNOVATION; ART AND CRAFTS; INFOCOMM TECHNOLOGY (MEDIA PRODUCTION); STUDENT INITIATED ACTIVITIES (PHYSICAL SPORTS AND OUTDOORS); STUDENT INITIATED ACTIVITIES (CLUBS & SOCIETIES); STUDENT INITIATED ACTIVITIES (VISUAL & PERFORMING ARTS); STUDENT LEADERSHIP (PREFECT),INTERDISCIPLINARY; COMMUNITY SERVICE & STUDENT LEADERSHIP,,,http://springdalepri.moe.edu.sg/,544799,CO-ED SCHOOL,SINGLE SESSION,N,N,N,N,CHINESEMALAYTAMIL,34242.9442041246,41909.1654851716,1.39528544463377,103.889416413501,3.0
ST. ANDREW'S JUNIOR SCHOOL,SWIMMING; RUGBY; MODULAR CCA (SPORTS); HOCKEY; BASKETBALL; BADMINTON; CHOIR; CONCERT BAND; SCOUTS; BOYS' BRIGADE; DIGITAL MEDIA; INTERNATIONAL CHESS; ENVIRONMENTAL SCIENCE; ART AND CRAFTS,INTERDISCIPLINARY; SPORTS & OUTDOOR EDUCATION,{'M': ['RUGBY']},CHOIR,http://www.standrewsjc.moe.edu.sg/,359337,BOYS' SCHOOL,SINGLE SESSION,N,N,N,N,CHINESEMALAYTAMIL,31538.8499082169,34845.2692709584,1.33140255308868,103.865117134385,2.0
ST. ANTHONY'S CANOSSIAN PRIMARY SCHOOL,MODULAR CCA (SPORTS); TRACK AND FIELD; TENNIS; TAEKWONDO; SWIMMING; SAILING; RHYTHMIC GYMNASTICS; NETBALL; FLOORBALL; BOWLING; ARTISTIC GYMNASTICS; MODERN DANCE; CHOIR; CHINESE DANCE; CONCERT BAND; GIRL GUIDES (BROWNIES); INFOCOMM TECHNOLOGY (MEDIA PRODUCTION); ART AND CRAFTS,STEM - SUSTAINABILITY; SPORTS & OUTDOOR EDUCATION,"{'F': ['TAEKWONDO', 'TRACK AND FIELD']}",INTERNATIONAL_DANCE; CONCERT_BAND; CHOIR,http://www.stanthonyscanossianpri.moe.edu.sg,469701,GIRLS' SCHOOL,SINGLE SESSION,N,N,N,N,CHINESEMALAYTAMIL,40009.9558383394,35212.930261923,1.3347253730189,103.941234868202,3.0
ST. ANTHONY'S PRIMARY SCHOOL,"TCHOUKBALL; MODULAR CCA (SPORTS); FOOTBALL; BADMINTON; FLOORBALL; MODERN DANCE; CHOIR; CHINESE DANCE; BRASS BAND; SCOUTS; GIRL GUIDES (BROWNIES); INFOCOMM TECHNOLOGY (COMPUTING); ROBOTICS; ENVIRONMENTAL SCIENCE; ENGLISH LANGUAGE, DRAMA AND DEBATING; ART AND CRAFTS; STUDENT LEADERSHIP (PREFECT); STUDENT LEADERSHIP (PEER SUPPORT)",STEM - GAME DESIGN AND MAKING; VISUAL ARTS & DESIGN,,CHINESE_DANCE; CHOIR,http://www.stanthonyspri.moe.edu.sg,659401,CO-ED SCHOOL,SINGLE SESSION,N,N,N,N,CHINESEMALAYTAMIL,18644.3733009221,38463.0810494516,1.36411948475833,103.749251919049,
ST. GABRIEL'S PRIMARY SCHOOL,TRACK AND FIELD; TAEKWONDO; TENNIS; MODULAR CCA (SPORTS); SWIMMING; WUSHU; GOLF; BADMINTON; BASKETBALL; FLOORBALL; FOOTBALL; MODULAR CCA (VPA); BRASS BAND; SCOUTS; PHYSICAL SCIENCE; ROBOTICS; INTERNATIONAL CHESS; ART AND CRAFTS; INFOCOMM TECHNOLOGY (MEDIA PRODUCTION); FAITH-BASED CCA,ICT & MEDIA; COMMUNITY SERVICE & STUDENT LEADERSHIP,"{'M': ['FLOORBALL', 'FOOTBAL']}",,http://www.stgabrielspri.moe.edu.sg,556742,BOYS' SCHOOL,SINGLE SESSION,N,N,N,N,CHINESEMALAYTAMIL,31226.4103413029,36825.1216646656,1.34930766795555,103.862309899986,3.0
ST. HILDA'S PRIMARY SCHOOL,VOLLEYBALL; MODULAR CCA (SPORTS); NETBALL; TABLE TENNIS; SAILING; FLOORBALL; HOCKEY; MODERN DANCE; STRING ENSEMBLE; GUZHENG ENSEMBLE; ENGLISH DRAMA; CHOIR; GIRLS' BRIGADE; BOYS' BRIGADE; STRATEGY GAMES; INTERNATIONAL CHESS; INFOCOMM TECHNOLOGY (MEDIA PRODUCTION); MEDIA RESOURCE LIBRARY; FAITH-BASED CCA; ART AND CRAFTS; STUDENT LEADERSHIP (COUNCIL),LANGUAGES; VISUAL ARTS & DESIGN,"{'F': ['NETBALL'], 'M': ['HOCKEY', 'SAILING', 'SAILING', 'VOLLEYBALL']}",CHOIR; GUZHENG_ENSEMBLE,http://www.shps.moe.edu.sg,529706,CO-ED SCHOOL,SINGLE SESSION,N,N,Y,N,CHINESEMALAYTAMIL,39540.4096965808,36866.4956980404,1.34967978969837,103.937016363397,2.0
ST. JOSEPH'S INSTITUTION JUNIOR,TENNIS; FOOTBALL; RUGBY; FLOORBALL; BOWLING; BADMINTON; MODERN DANCE; BRASS BAND; CHOIR; SCOUTS; ROBOTICS; INTERNATIONAL CHESS; ART AND CRAFTS,INTERDISCIPLINARY; SPORTS & OUTDOOR EDUCATION,"{'M': ['FOOTBAL', 'GOLF', 'BOWLING', 'RUGBY']}",INTERNATIONAL_DANCE,https://sjijunior.moe.edu.sg,309331,BOYS' SCHOOL,SINGLE SESSION,N,N,N,N,CHINESEMALAYTAMIL,29370.5121512143,33342.7815418858,1.31781476118551,103.845633334522,2.0
ST. MARGARET'S SCHOOL (PRIMARY),NETBALL; TENNIS; VOLLEYBALL; MODULAR CCA (SPORTS); BOWLING; GUITAR ENSEMBLE; MODERN DANCE; BRASS BAND; CHOIR; GIRLS' BRIGADE; GIRL GUIDES (BROWNIES); MEDIA RESOURCE LIBRARY; INFOCOMM TECHNOLOGY (MEDIA PRODUCTION); ENVIRONMENTAL SCIENCE; ART AND CRAFTS,LANGUAGES; SPORTS & OUTDOOR EDUCATION,,INTERNATIONAL_DANCE,https://stmargaretspri.moe.edu.sg,228197,GIRLS' SCHOOL,SINGLE SESSION,N,N,N,N,CHINESEMALAYTAMIL,29391.3233877067,31831.1472821515,1.30414407358332,103.845820266438,
ST. STEPHEN'S SCHOOL,TRACK AND FIELD; FOOTBALL; FLOORBALL; BASKETBALL; BADMINTON; CRICKET; MODERN DANCE; BRASS BAND; SCOUTS; INFOCOMM TECHNOLOGY (MEDIA PRODUCTION); ROBOTICS; PHYSICAL SCIENCE; ART AND CRAFTS,INTERDISCIPLINARY; SPORTS & OUTDOOR EDUCATION,"{'M': ['GOLF', 'TENNIS (INDIVIDUAL)']}",BRASS_BAND,http://www.stmargaretssec.moe.edu.sg,455789,BOYS' SCHOOL,SINGLE SESSION,N,N,N,N,CHINESEMALAYTAMIL,37341.652827817,33450.7695051655,1.31878997295135,103.917258129598,3.0
TAMPINES NORTH PRIMARY SCHOOL,FOOTBALL; WUSHU; FLOORBALL; BASKETBALL; BADMINTON; MODERN DANCE; INDIAN DANCE; MALAY DANCE; ANGKLUNG/KULINTANG ENSEMBLE; CHOIR; SCOUTS; GIRL GUIDES (BROWNIES); INFOCOMM TECHNOLOGY (MEDIA PRODUCTION); ART AND CRAFTS,LANGUAGES; COMMUNITY SERVICE & STUDENT LEADERSHIP,,MALAY_DANCE,http://www.tampinesnorthpri.moe.edu.sg,529565,CO-ED SCHOOL,SINGLE SESSION,N,N,N,N,CHINESEMALAYTAMIL,40848.2810703805,38061.6583322138,1.36048786025607,103.948768900518,
TAMPINES PRIMARY SCHOOL,MODULAR CCA (SPORTS); FOOTBALL; BASKETBALL; FLOORBALL; MODERN DANCE; MALAY DANCE; INDIAN DANCE; GUZHENG ENSEMBLE; ENGLISH DRAMA; CHOIR; SCOUTS; GIRL GUIDES (BROWNIES); INFOCOMM TECHNOLOGY (MEDIA PRODUCTION); ENTREPRENEURSHIP; ART AND CRAFTS,LANGUAGES; COMMUNITY SERVICE & STUDENT LEADERSHIP,,GUZHENG_ENSEMBLE,http://www.tampinespri.moe.edu.sg,529426,CO-ED SCHOOL,SINGLE SESSION,N,N,N,N,CHINESEMALAYTAMIL,40270.0982013792,36955.7182075791,1.3504863946694,103.943573098509,3.0
TANJONG KATONG PRIMARY SCHOOL,"MODULAR CCA (SPORTS); NETBALL; FOOTBALL; BASKETBALL; FLOORBALL; GUITAR ENSEMBLE; MODERN DANCE; MALAY DANCE; CHOIR; CHINESE DANCE; SCOUTS; MODULAR CCA (C&S); INFOCOMM TECHNOLOGY (MEDIA PRODUCTION); ENGLISH LANGUAGE, DRAMA AND DEBATING; ART AND CRAFTS",INNOVATION & ENTERPRISE; SPORTS & OUTDOOR EDUCATION,,CHINESE_DANCE; MALAY_DANCE,http://www.tanjongkatongpri.moe.edu.sg/,437259,CO-ED SCHOOL,SINGLE SESSION,N,N,N,N,CHINESEMALAYTAMIL,35421.0272507127,31924.2153390218,1.30498489044822,103.899999965407,
TAO NAN SCHOOL,NETBALL; OUTDOOR ADVENTURE; SAILING; TRACK AND FIELD; TABLE TENNIS; WUSHU; BASKETBALL; BADMINTON; SINGAPORE NATIONAL YOUTH ORCHESTRA; GUZHENG ENSEMBLE; CHOIR; COMICS AND ILLUSTRATION; CHINESE ORCHESTRA; CHINESE DANCE; SCOUTS; GIRL GUIDES (BROWNIES); BOYS' BRIGADE; GIRLS' BRIGADE; PHYSICAL SCIENCE; SPEECH AND DRAMA; INTERNATIONAL CHESS; ART AND CRAFTS,STEM - GAME DESIGN AND MAKING; SPORTS & OUTDOOR EDUCATION,"{'F': ['BADMINTON', 'SAILING', 'BASKETBALL', 'WUSHU'], 'M': ['BADMINTON', 'TENNIS (INDIVIDUAL)', 'TENNIS (INDIVIDUAL)']}",CHINESE_DANCE; GUZHENG_ENSEMBLE,http://www.taonan.moe.edu.sg,449761,CO-ED SCHOOL,SINGLE SESSION,Y,N,Y,N,CHINESE,36706.7907984024,31957.4686842412,1.30528528687321,103.911553152326,1.0
TECK GHEE PRIMARY SCHOOL,HEALTH AND FITNESS; NETBALL; VOLLEYBALL; BASKETBALL; MODERN DANCE; GUZHENG ENSEMBLE; CHOIR; CHINESE INSTRUMENTAL ENSEMBLE; CHINESE DANCE; GIRL GUIDES (BROWNIES); SCOUTS; INFOCOMM TECHNOLOGY (MEDIA PRODUCTION); ROBOTICS; ART AND CRAFTS; ENVIRONMENTAL SCIENCE,STEM - SUSTAINABILITY; VISUAL ARTS & DESIGN,,GUZHENG_ENSEMBLE,http://www.teckgheepri.moe.edu.sg,569299,CO-ED SCHOOL,SINGLE SESSION,N,N,N,N,CHINESEMALAYTAMIL,29968.822170008,38632.1819182038,1.36565018546903,103.851009800453,
TECK WHYE PRIMARY SCHOOL,MODULAR CCA (SPORTS); TRACK AND FIELD; BASKETBALL; BADMINTON; FOOTBALL; MODERN DANCE; CHOIR; SCOUTS; STUDENTS' COUNCIL; SPEECH AND DRAMA; INFOCOMM TECHNOLOGY (MEDIA PRODUCTION); ENVIRONMENTAL SCIENCE; STUDENT LEADERSHIP (PREFECT),LANGUAGES; COMMUNITY SERVICE & STUDENT LEADERSHIP,,,http://www.teckwhyepri.moe.edu.sg,688261,CO-ED SCHOOL,SINGLE SESSION,N,N,N,N,CHINESEMALAYTAMIL,19164.4558974076,40648.8130902648,1.38388660469396,103.753924558586,
TELOK KURAU PRIMARY SCHOOL,WUSHU; BOWLING; BASKETBALL; FOOTBALL; GUZHENG ENSEMBLE; MALAY DANCE; INDIAN DANCE; CHOIR; CHINESE DANCE; SCOUTS; RED CROSS YOUTH; GIRL GUIDES (BROWNIES); ROBOTICS; LION AND DRAGON DANCE; STRATEGY GAMES; DEBATING AND PUBLIC SPEAKING; ART AND CRAFTS; ENVIRONMENTAL SCIENCE,STEM - GAME DESIGN AND MAKING; SPORTS & OUTDOOR EDUCATION,{'F': ['FOOTBAL']},MALAY_DANCE; INDIAN_DANCE,http://www.telokkuraupri.moe.edu.sg,479239,CO-ED SCHOOL,SINGLE SESSION,N,N,N,N,CHINESEMALAYTAMIL,36645.7359166555,34811.4976773225,1.33109611001931,103.911005345855,
TEMASEK PRIMARY SCHOOL,TRACK AND FIELD; TAEKWONDO; NETBALL; FOOTBALL; BADMINTON; MODERN DANCE; GUITAR ENSEMBLE; CHOIR; SCOUTS; GIRL GUIDES (BROWNIES); INFOCOMM TECHNOLOGY (MEDIA PRODUCTION); ROBOTICS; PHYSICAL SCIENCE; ENGLISH CULTURE AND LANGUAGE; ART AND CRAFTS,STEM - SUSTAINABILITY; SPORTS & OUTDOOR EDUCATION,"{'F': ['TAEKWONDO'], 'M': ['TRACK AND FIELD', 'SWIMMING']}",INTERNATIONAL_DANCE,http://www.temasekpri.moe.edu.sg,469300,CO-ED SCHOOL,SINGLE SESSION,N,N,N,N,CHINESEMALAYTAMIL,40513.5817926126,33275.4610059001,1.31720341663064,103.94575943784,
UNITY PRIMARY SCHOOL,"NETBALL; FLOORBALL; FOOTBALL; BASKETBALL; BADMINTON; MODERN DANCE; MALAY DANCE; CHOIR; CHINESE DANCE; ANGKLUNG/KULINTANG ENSEMBLE; SCOUTS; MATHEMATICS; INFOCOMM TECHNOLOGY (MEDIA PRODUCTION); ENVIRONMENTAL SCIENCE; ART AND CRAFTS; ENGLISH LANGUAGE, DRAMA AND DEBATING",LANGUAGES; COMMUNITY SERVICE & STUDENT LEADERSHIP,,,http://www.townsvillepri.moe.edu.sg/,688268,CO-ED SCHOOL,SINGLE SESSION,N,N,N,N,CHINESEMALAYTAMIL,18371.796668564,42738.3144028578,1.40278303219036,103.746801233973,
VALOUR PRIMARY SCHOOL,RUGBY; VOLLEYBALL; OUTDOOR ADVENTURE; NETBALL; FLOORBALL; MODERN DANCE; PERCUSSION ENSEMBLE; GUITAR ENSEMBLE; CHOIR; RED CROSS YOUTH; GIRLS' BRIGADE; BOYS' BRIGADE; LION AND DRAGON DANCE; ART AND CRAFTS; INFOCOMM TECHNOLOGY (COMPUTING),; SPORTS & OUTDOOR EDUCATION,,,http://www.townsvillepri.moe.edu.sg/,828728,CO-ED SCHOOL,SINGLE SESSION,N,N,N,N,CHINESEMALAYTAMIL,35282.966108459,43253.3683976009,1.40744168163777,103.898762173662,
WATERWAY PRIMARY SCHOOL,TABLE TENNIS; TAEKWONDO; FOOTBALL; BASKETBALL; MODERN DANCE; CHOIR; BRASS BAND; SCOUTS; INFOCOMM TECHNOLOGY (MEDIA PRODUCTION); ROBOTICS; INTERNATIONAL CHESS; DEBATING AND PUBLIC SPEAKING; ART AND CRAFTS; ENVIRONMENTAL SCIENCE,LANGUAGES; COMMUNITY SERVICE & STUDENT LEADERSHIP,,,https://waterwaypri.moe.edu.sg,828802,CO-ED SCHOOL,SINGLE SESSION,N,N,N,N,CHINESEMALAYTAMIL,37489.1110288324,42308.1257505957,1.39889261226315,103.918585924582,
WELLINGTON PRIMARY SCHOOL,"WUSHU; VOLLEYBALL; TABLE TENNIS; BADMINTON; FOOTBALL; POP AND JAZZ; MODERN DANCE; MALAY DANCE; INDIAN DANCE; GUZHENG ENSEMBLE; CHOIR; CHINESE DANCE; SCOUTS; INFOCOMM TECHNOLOGY (MEDIA PRODUCTION); ENGLISH LANGUAGE, DRAMA AND DEBATING; CHINESE CULTURE AND LANGUAGE; ART AND CRAFTS; ENVIRONMENTAL SCIENCE",ICT & MEDIA; MUSIC & PERFORMING ARTS,,MALAY_DANCE; INDIAN_DANCE; INTERNATIONAL_DANCE; GUZHENG_ENSEMBLE,http://www.wellingtonpri.moe.edu.sg,757702,CO-ED SCHOOL,SINGLE SESSION,N,N,N,N,CHINESEMALAYTAMIL,26797.86901474,48145.4921045545,1.45168517614776,103.822516208087,3.0
WEST GROVE PRIMARY SCHOOL,TRACK AND FIELD; WUSHU; FOOTBALL; BADMINTON; MODERN DANCE; STRING ENSEMBLE; GUZHENG ENSEMBLE; CHOIR; SCOUTS; GIRLS' BRIGADE; BOYS' BRIGADE; GIRL GUIDES (BROWNIES); INFOCOMM TECHNOLOGY (MEDIA PRODUCTION); READING AND WRITING; ROBOTICS; ENVIRONMENTAL SCIENCE; ART AND CRAFTS,INTERDISCIPLINARY; COMMUNITY SERVICE & STUDENT LEADERSHIP,,INTERNATIONAL_DANCE; CHOIR,http://www.westgrovepri.moe.edu.sg/,649223,CO-ED SCHOOL,SINGLE SESSION,N,N,N,N,CHINESEMALAYTAMIL,13047.8179963073,36317.3614973016,1.34471211768915,103.698964212988,
WEST SPRING PRIMARY SCHOOL,WUSHU; TABLE TENNIS; OUTDOOR ADVENTURE; FOOTBALL; BASKETBALL; BADMINTON; PERCUSSION ENSEMBLE; MODERN DANCE; CHOIR; SCOUTS; STRATEGY GAMES; ROBOTICS; DIGITAL MEDIA; ART AND CRAFTS; ENVIRONMENTAL SCIENCE,STEM - SUSTAINABILITY; SPORTS & OUTDOOR EDUCATION,,INTERNATIONAL_DANCE; PERCUSSION_ENSEMBLE,http://www.westspringpri.moe.edu.sg,679946,CO-ED SCHOOL,SINGLE SESSION,N,N,N,N,CHINESEMALAYTAMIL,20552.577593673,41234.0562994163,1.38917971808454,103.76639772288,
WEST VIEW PRIMARY SCHOOL,RUGBY; BASKETBALL; FLOORBALL; FOOTBALL; MODERN DANCE; MALAY DANCE; BRASS BAND; CHINESE DANCE; SCOUTS; ENVIRONMENTAL SCIENCE; ART AND CRAFTS,STEM - SUSTAINABILITY; MUSIC & PERFORMING ARTS,,,http://www.westviewpri.moe.edu.sg,677742,CO-ED SCHOOL,SINGLE SESSION,N,N,N,N,CHINESEMALAYTAMIL,19871.0048010657,40637.6069141179,1.38378546546228,103.760273432258,
WESTWOOD PRIMARY SCHOOL,FOOTBALL; WUSHU; RHYTHMIC GYMNASTICS; BASKETBALL; MODERN DANCE; MALAY DANCE; CHOIR; CHINESE DANCE; BRASS BAND; GIRLS' BRIGADE; BOYS' BRIGADE; ENVIRONMENTAL SCIENCE; ENGLISH CULTURE AND LANGUAGE; ART AND CRAFTS; ENTREPRENEURSHIP,INTERDISCIPLINARY; COMMUNITY SERVICE & STUDENT LEADERSHIP,{'F': ['FOOTBAL']},CHINESE_DANCE; MALAY_DANCE,http://www.westwoodpri.moe.edu.sg,649188,CO-ED SCHOOL,SINGLE SESSION,N,N,N,N,CHINESEMALAYTAMIL,13215.1381995771,36648.9504975975,1.3477109654722,103.700467520791,3.0
WHITE SANDS PRIMARY SCHOOL,TCHOUKBALL; TABLE TENNIS; NETBALL; FOOTBALL; MALAY DANCE; MODERN DANCE; GUZHENG ENSEMBLE; CHOIR; CHINESE DANCE; SCOUTS; INFOCOMM TECHNOLOGY (MEDIA PRODUCTION); INFOCOMM TECHNOLOGY (COMPUTING); ENVIRONMENTAL SCIENCE; ART AND CRAFTS,ICT & MEDIA; VISUAL ARTS & DESIGN,,INTERNATIONAL_DANCE; GUZHENG_ENSEMBLE,http://www.whitesandspri.moe.edu.sg,519075,CO-ED SCHOOL,SINGLE SESSION,N,N,N,N,CHINESEMALAYTAMIL,42194.0540739279,38630.9946565423,1.36563610941695,103.960861814678,
WOODGROVE PRIMARY SCHOOL,FOOTBALL; ROPE SKIPPING; TABLE TENNIS; BADMINTON; BASKETBALL; INDIAN DANCE; MALAY DANCE; MODERN DANCE; ENGLISH DRAMA; CHINESE DANCE; CHINESE ORCHESTRA; CHOIR; GIRL GUIDES (BROWNIES); SCOUTS; ROBOTICS; ENVIRONMENTAL SCIENCE; DIGITAL MEDIA; ART AND CRAFTS; CHINESE CULTURE AND LANGUAGE,LANGUAGES; MUSIC & PERFORMING ARTS,{'M': ['ROPE SKIPPING']},MALAY_DANCE; INDIAN_DANCE; INTERNATIONAL_DANCE,http://www.woodgrovepri.moe.edu.sg/,738079,CO-ED SCHOOL,SINGLE SESSION,N,N,N,N,CHINESEMALAYTAMIL,23204.9254116695,46050.2524968032,1.43273620725049,103.79023031392,
WOODLANDS PRIMARY SCHOOL,"MODULAR CCA (SPORTS); VOLLEYBALL; SWIMMING; TCHOUKBALL; HEALTH AND FITNESS; BADMINTON; FOOTBALL; MALAY DANCE; INDIAN DANCE; CHINESE DANCE; CONCERT BAND; HANDBELL ENSEMBLE; CHOIR; SCOUTS; MATHEMATICS; MEDIA RESOURCE LIBRARY; PHYSICAL SCIENCE; SPEECH AND DRAMA; ROBOTICS; INFOCOMM TECHNOLOGY (COMPUTING); CHINESE LANGUAGE, DRAMA AND DEBATING; ART AND CRAFTS; BIOLOGICAL SCIENCE; ENGLISH CULTURE AND LANGUAGE; CHINESE CULTURE AND LANGUAGE",LANGUAGES; SPORTS & OUTDOOR EDUCATION,"{'F': ['VOLLEYBALL'], 'M': ['VOLLEYBALL']}",CHINESE_DANCE; INDIAN_DANCE; CHOIR,http://www.woodlandspri.moe.edu.sg,738853,CO-ED SCHOOL,SINGLE SESSION,N,N,N,N,CHINESEMALAYTAMIL,23378.645416881,46475.5760247037,1.43658270720199,103.791791282236,
WOODLANDS RING PRIMARY SCHOOL,FOOTBALL; FLOORBALL; BASKETBALL; BADMINTON; MODERN DANCE; MALAY DANCE; INDIAN DANCE; CONCERT BAND; CHOIR; CHINESE DANCE; SCOUTS; PHYSICAL SCIENCE; INFOCOMM TECHNOLOGY (COMPUTING); ART AND CRAFTS; ENGLISH CULTURE AND LANGUAGE; STUDENT LEADERSHIP (PREFECT),STEM - GAME DESIGN AND MAKING; COMMUNITY SERVICE & STUDENT LEADERSHIP,,CHINESE_DANCE,HTTP://www.woodlandsringpri.moe.edu.sg,738240,CO-ED SCHOOL,SINGLE SESSION,N,N,N,N,CHINESEMALAYTAMIL,24004.4034421528,46284.1696799081,1.43485179380236,103.79741434351,
XINGHUA PRIMARY SCHOOL,"MODULAR CCA (SPORTS); SOFTBALL; TRACK AND FIELD; VOLLEYBALL; HEALTH AND FITNESS; WUSHU; MODERN DANCE; CHOIR; ANGKLUNG/KULINTANG ENSEMBLE; GUZHENG ENSEMBLE; GIRLS' BRIGADE; BOYS' BRIGADE; INFOCOMM TECHNOLOGY (COMPUTING); ENVIRONMENTAL SCIENCE; ENGLISH LANGUAGE, DRAMA AND DEBATING; ART AND CRAFTS; STUDENT LEADERSHIP (PREFECT)",INTERDISCIPLINARY; VISUAL ARTS & DESIGN,{'M': ['SOFTBALL']},CHOIR; GUZHENG_ENSEMBLE,http://www.xinghuapri.moe.edu.sg,538882,CO-ED SCHOOL,SINGLE SESSION,N,N,N,N,CHINESEMALAYTAMIL,34332.065497526,37785.9478133563,1.35799653782463,103.890216355459,
XINGNAN PRIMARY SCHOOL,FOOTBALL; VOLLEYBALL; BASKETBALL; BADMINTON; MODERN DANCE; MALAY DANCE; INDIAN DANCE; CULTURAL DANCE; CHINESE DANCE; BRASS BAND; SCOUTS; INFOCOMM TECHNOLOGY (MEDIA PRODUCTION); ENVIRONMENTAL SCIENCE; CHINESE CULTURE AND LANGUAGE; CERAMICS; ART AND CRAFTS; DIABOLO; STUDENT LEADERSHIP (PREFECT),STEM - MATERIAL SCIENCE; MUSIC & PERFORMING ARTS,"{'F': ['VOLLEYBALL'], 'M': ['BASKETBALL', 'TRACK AND FIELD']}",CHINESE_DANCE; MALAY_DANCE; INDIAN_DANCE,http://www.xingnanpri.moe.edu.sg,649036,CO-ED SCHOOL,SINGLE SESSION,N,N,N,N,CHINESEMALAYTAMIL,11781.8064267524,36095.6510288138,1.34270639669225,103.687588478681,
XINMIN PRIMARY SCHOOL,VOLLEYBALL; MODULAR CCA (SPORTS); FOOTBALL; BASKETBALL; MODERN DANCE; GUZHENG ENSEMBLE; CHOIR; CHINESE DANCE; SCOUTS; RED CROSS YOUTH; GIRL GUIDES (BROWNIES); INFOCOMM TECHNOLOGY (COMPUTING); ENVIRONMENTAL SCIENCE; ART AND CRAFTS; STUDENT LEADERSHIP (PREFECT),INTERDISCIPLINARY; COMMUNITY SERVICE & STUDENT LEADERSHIP,,CHINESE_DANCE; CHOIR; GUZHENG_ENSEMBLE,https://xinminpri.moe.edu.sg/,538784,CO-ED SCHOOL,SINGLE SESSION,N,N,N,N,CHINESEMALAYTAMIL,33507.7829754585,39308.7065256815,1.37176798317468,103.88280991785,
XISHAN PRIMARY SCHOOL,VOLLEYBALL; HOCKEY; FLOORBALL; BASKETBALL; BADMINTON; INDIAN DANCE; STRING ENSEMBLE; MALAY DANCE; ENGLISH DRAMA; CHOIR; CHINESE DANCE; GUZHENG ENSEMBLE; SCOUTS; RED CROSS YOUTH; STRATEGY GAMES; INFOCOMM TECHNOLOGY (MEDIA PRODUCTION); ENVIRONMENTAL SCIENCE; ART AND CRAFTS,LANGUAGES; COMMUNITY SERVICE & STUDENT LEADERSHIP,,MALAY_DANCE; GUZHENG_ENSEMBLE,https://www.xishanpri.moe.edu.sg/,768611,CO-ED SCHOOL,SINGLE SESSION,N,N,N,N,CHINESEMALAYTAMIL,28493.7422212623,46131.5536631271,1.43347186925064,103.837755319448,
YANGZHENG PRIMARY SCHOOL,WUSHU; FOOTBALL; BASKETBALL; BADMINTON; MODERN DANCE; GUZHENG ENSEMBLE; CHINESE DANCE; CONCERT BAND; GIRL GUIDES (BROWNIES); SCOUTS; DIGITAL MEDIA; ART AND CRAFTS; ENVIRONMENTAL SCIENCE,INNOVATION & ENTERPRISE; COMMUNITY SERVICE & STUDENT LEADERSHIP,,CHINESE_DANCE; INTERNATIONAL_DANCE; GUZHENG_ENSEMBLE,http://www.yangzhengpri.moe.edu.sg/,556108,CO-ED SCHOOL,SINGLE SESSION,N,N,N,N,CHINESEMALAYTAMIL,31911.6418975126,36788.5459239464,1.3489768083841,103.868467129954,3.0
YEW TEE PRIMARY SCHOOL,WUSHU; ROCKWALL CLIMBING; FLOORBALL; BADMINTON; FOOTBALL; MODERN DANCE; CHOIR; ANGKLUNG/KULINTANG ENSEMBLE; BOYS' BRIGADE; STRATEGY GAMES; ROBOTICS; MODULAR CCA (C&S); MEDIA RESOURCE LIBRARY; INFOCOMM TECHNOLOGY (MEDIA PRODUCTION); ENVIRONMENTAL SCIENCE; ART AND CRAFTS,INTERDISCIPLINARY; SPORTS & OUTDOOR EDUCATION,,INTERNATIONAL_DANCE; CHOIR,http://www.yewteepri.moe.edu.sg,689100,CO-ED SCHOOL,SINGLE SESSION,N,N,N,N,CHINESEMALAYTAMIL,18930.0708015431,42068.5415837038,1.39672603497195,103.751817992962,
YIO CHU KANG PRIMARY SCHOOL,VOLLEYBALL; TRACK AND FIELD; FOOTBALL; BASKETBALL; MODULAR CCA (VPA); MALAY DANCE; INDIAN DANCE; ANGKLUNG/KULINTANG ENSEMBLE; CHOIR; CHINESE DANCE; HANDBELL ENSEMBLE; SCOUTS; GIRL GUIDES (BROWNIES); INFOCOMM TECHNOLOGY (COMPUTING); ART AND CRAFTS; STUDENT LEADERSHIP (PREFECT),STEM - SUSTAINABILITY; MUSIC & PERFORMING ARTS,,INDIAN_DANCE,http://www.yiochukangpri.moe.edu.sg,538720,CO-ED SCHOOL,SINGLE SESSION,N,N,N,N,CHINESEMALAYTAMIL,33823.1315680202,39990.3703038469,1.37793264345276,103.885643682171,
YISHUN PRIMARY SCHOOL,"FLOORBALL; BASKETBALL; FOOTBALL; MODERN DANCE; MALAY DANCE; INDIAN DANCE; CONCERT BAND; CHINESE DANCE; SCOUTS; INFOCOMM TECHNOLOGY (COMPUTING); INTERNATIONAL CHESS; ENVIRONMENTAL SCIENCE; ENGLISH LANGUAGE, DRAMA AND DEBATING; ART AND CRAFTS; STUDENT LEADERSHIP (PREFECT)",STEM - SUSTAINABILITY; MUSIC & PERFORMING ARTS,{'F': ['TENNIS (INDIVIDUAL)']},MALAY_DANCE; CONCERT_BAND,http://www.yishunpri.moe.edu.sg,768679,CO-ED SCHOOL,SINGLE SESSION,N,N,N,N,CHINESEMALAYTAMIL,28081.4848068403,46187.3166116737,1.43397617334964,103.834050796658,
YU NENG PRIMARY SCHOOL,VOLLEYBALL; TABLE TENNIS; FLOORBALL; BADMINTON; MODERN DANCE; CHOIR; CHINESE ORCHESTRA; MALAY DANCE; SCOUTS; PHYSICAL SCIENCE; MATHEMATICS; INFOCOMM TECHNOLOGY (COMPUTING); BROADCASTING; ART AND CRAFTS; STUDENT LEADERSHIP (PREFECT); STUDENT LEADERSHIP (HOUSE),ICT & MEDIA; SPORTS & OUTDOOR EDUCATION,,MALAY_DANCE; CO_FULL_ENSEMBLE,http://www.ynps.moe.edu.sg/,469623,CO-ED SCHOOL,SINGLE SESSION,N,N,N,N,CHINESEMALAYTAMIL,38983.8870810149,35130.5094223451,1.33398037894072,103.932015036296,
YUHUA PRIMARY SCHOOL,VOLLEYBALL; TRACK AND FIELD; SEPAKTAKRAW; NETBALL; FOOTBALL; BASKETBALL; BADMINTON; INDIAN DANCE; MALAY DANCE; BRASS BAND; CHOIR; CHINESE DANCE; ANGKLUNG/KULINTANG ENSEMBLE; SCOUTS; INFOCOMM TECHNOLOGY (MEDIA PRODUCTION); DEBATING AND PUBLIC SPEAKING; ART AND CRAFTS; ENVIRONMENTAL SCIENCE,INTERDISCIPLINARY; MUSIC & PERFORMING ARTS,,INDIAN_DANCE,http://www.yuhuapri.moe.edu.sg,609558,CO-ED SCHOOL,SINGLE SESSION,N,N,N,N,CHINESEMALAYTAMIL,17710.4895017752,36118.9610992391,1.34291981622016,103.740861148879,
YUMIN PRIMARY SCHOOL,VOLLEYBALL; NETBALL; FOOTBALL; STRING ENSEMBLE; MODERN DANCE; GUZHENG ENSEMBLE; CHOIR; SCOUTS; RED CROSS YOUTH; ENVIRONMENTAL SCIENCE; ART AND CRAFTS; INFOCOMM TECHNOLOGY (MEDIA PRODUCTION),STEM - GAME DESIGN AND MAKING; COMMUNITY SERVICE & STUDENT LEADERSHIP,,,http://www.yuminpri.moe.edu.sg,529393,CO-ED SCHOOL,SINGLE SESSION,N,N,N,N,CHINESEMALAYTAMIL,41046.6676057065,37047.4549574535,1.35131569890862,103.950551091373,
ZHANGDE PRIMARY SCHOOL,WUSHU; VOLLEYBALL; TABLE TENNIS; ROPE SKIPPING; FLOORBALL; BASKETBALL; BADMINTON; FOOTBALL; CHOIR; CULTURAL DANCE; GIRLS' BRIGADE; BOYS' BRIGADE; ROBOTICS,STEM - SUSTAINABILITY; SPORTS & OUTDOOR EDUCATION,,CHOIR,http://www.zhangdepri.moe.edu.sg/,169485,CO-ED SCHOOL,SINGLE SESSION,N,N,N,N,CHINESEMALAYTAMIL,27180.147898172,29627.1081054062,1.28421153855474,103.825951884637,
ZHENGHUA PRIMARY SCHOOL,RUGBY; FOOTBALL; BASKETBALL; FLOORBALL; TAP DANCE; MALAY DANCE; INDIAN DANCE; CHOIR; CHINESE DANCE; BRASS BAND; GIRL GUIDES (BROWNIES); RED CROSS YOUTH; ROBOTICS; ENVIRONMENTAL SCIENCE; ART AND CRAFTS,INTERDISCIPLINARY; MUSIC & PERFORMING ARTS/ VISUAL ARTS & DESIGN,,INDIAN_DANCE; CHOIR,http://www.zhenghuapri.moe.edu.sg,679002,CO-ED SCHOOL,SINGLE SESSION,N,N,N,N,CHINESEMALAYTAMIL,20920.4023949644,40155.8313870206,1.37942873617052,103.76970317201,
ZHONGHUA PRIMARY SCHOOL,VOLLEYBALL; BADMINTON; FOOTBALL; MALAY DANCE; INDIAN DANCE; CHOIR; CHINESE DANCE; SCOUTS; INFOCOMM TECHNOLOGY (COMPUTING); ENVIRONMENTAL SCIENCE; ART AND CRAFTS,STEM - SUSTAINABILITY; COMMUNITY SERVICE & STUDENT LEADERSHIP,,CHINESE_DANCE; MALAY_DANCE; INDIAN_DANCE,http://www.zhonghuapri.moe.edu.sg,556095,CO-ED SCHOOL,SINGLE SESSION,N,N,N,N,CHINESEMALAYTAMIL,32050.2209249679,38036.2660969216,1.36026072476019,103.869712517383,3.0
